,Country Name,Country Code,1960,1961,1962,1963,1964,1965,1966,1967,1968,1969,1970,1971,1972,1973,1974,1975,1976,1977,1978,1979,1980,1981,1982,1983,1984,1985,1986,1987,1988,1989,1990,1991,1992,1993,1994,1995,1996,1997,1998,1999,2000,2001,2002,2003,2004,2005,2006,2007,2008,2009,2010,2011,2012,2013,2014,2015,2016
0,Afghanistan,AFG,537.8,548.9,546.7,751.1,800.0,1006.7,1400.0,1673.3,1373.3,1408.9,1748.9,1831.1,1595.6,1733.3,2155.6,2366.7,2555.6,2953.3,3300.0,3697.9,3641.7,3478.8,0.0,0.0,0.0,0.0,0.0,0.0,0.0,0.0,0.0,0.0,0.0,0.0,0.0,0.0,0.0,0.0,0.0,0.0,0.0,2461.7,4128.8,4583.6,5285.5,6275.1,7057.6,9843.8,10190.5,12486.9,15936.8,17930.2,20536.5,20046.3,20050.2,19215.6,19469.0
1,Albania,ALB,0.0,0.0,0.0,0.0,0.0,0.0,0.0,0.0,0.0,0.0,0.0,0.0,0.0,0.0,0.0,0.0,0.0,0.0,0.0,0.0,0.0,0.0,0.0,0.0,1924.2,1965.4,2173.8,2156.6,2126.0,2335.1,2101.6,1139.2,709.5,1228.1,1985.7,2424.5,3314.9,2359.9,2707.1,3414.8,3632.0,4060.8,4435.1,5746.9,7314.9,8158.5,8992.6,10701.0,12881.4,12044.2,11927.0,12890.9,12319.8,12776.3,13228.2,11335.3,11863.9
2,Algeria,DZA,2723.6,2434.8,2001.5,2703.0,2909.4,3136.3,3039.8,3370.8,3852.1,4257.2,4863.5,5077.2,6761.8,8715.1,13209.7,15557.9,17728.3,20971.9,26364.5,33243.4,42345.3,44348.7,45207.1,48801.4,53698.3,57937.9,63696.3,66742.3,59089.1,55631.5,62045.1,45715.4,48003.3,49946.5,42542.6,41764.1,46941.5,48177.9,48187.7,48640.6,54790.2,54744.7,56760.3,67863.8,85325.0,103198.0,117027.0,134977.0,171001.0,137211.0,161207.0,200019.0,209059.0,209755.0,213810.0,165874.0,159049.0
3,American Samoa,ASM,0.0,0.0,0.0,0.0,0.0,0.0,0.0,0.0,0.0,0.0,0.0,0.0,0.0,0.0,0.0,0.0,0.0,0.0,0.0,0.0,0.0,0.0,0.0,0.0,0.0,0.0,0.0,0.0,0.0,0.0,0.0,0.0,0.0,0.0,0.0,0.0,0.0,0.0,0.0,0.0,0.0,0.0,514.0,527.0,512.0,503.0,496.0,520.0,563.0,678.0,576.0,574.0,644.0,641.0,643.0,659.0,658.0
4,Andorra,AND,0.0,0.0,0.0,0.0,0.0,0.0,0.0,0.0,0.0,0.0,78.6,89.4,113.4,150.8,186.6,220.1,227.3,254.0,308.0,411.6,446.4,389.0,375.9,327.9,330.1,346.7,482.0,611.3,721.4,795.4,1029.0,1106.9,1210.0,1007.0,1017.5,1178.7,1223.9,1180.6,1211.9,1239.9,1434.4,1496.9,1733.1,2398.6,2935.7,3255.8,3543.3,4017.0,4007.4,3660.5,3355.7,3442.1,3164.6,3281.6,3350.7,2811.5,2858.5
5,Angola,AGO,0.0,0.0,0.0,0.0,0.0,0.0,0.0,0.0,0.0,0.0,0.0,0.0,0.0,0.0,0.0,0.0,0.0,0.0,0.0,0.0,0.0,0.0,0.0,0.0,0.0,6684.5,6684.5,6684.5,6684.5,10026.7,10026.7,12118.6,5684.3,5278.2,4059.4,5039.6,7526.4,7648.4,6445.0,6152.9,9129.6,8936.1,12497.3,14188.9,19640.8,28233.7,41789.5,60448.9,84178.0,75492.4,82470.9,104116.0,115398.0,124912.0,126777.0,102962.0,95335.1
6,Antigua,ATG,0.0,0.0,0.0,0.0,0.0,0.0,0.0,0.0,0.0,0.0,0.0,0.0,0.0,0.0,0.0,0.0,0.0,77.5,87.9,109.1,131.4,147.8,164.4,182.1,208.4,240.9,290.4,337.2,398.6,438.8,459.5,481.7,499.3,535.2,589.4,577.3,633.7,680.6,727.9,766.2,830.2,800.7,814.6,855.6,919.6,1022.2,1157.0,1311.4,1368.4,1224.3,1152.5,1142.0,1211.4,1192.9,1280.1,1364.9,1460.1
7,Argentina,ARG,0.0,0.0,24450.6,18272.1,25605.2,28344.7,28630.5,24256.7,26436.9,31256.3,31584.2,33293.2,34733.0,52544.0,72436.8,52438.6,51169.5,56781.0,58082.9,69252.3,76961.9,78676.8,84307.5,103979.0,79092.0,88416.7,110934.0,111106.0,126207.0,76636.9,141352.0,189720.0,228789.0,236742.0,257440.0,258032.0,272150.0,292859.0,298948.0,283523.0,284204.0,268697.0,97724.0,127587.0,164658.0,198737.0,232557.0,287531.0,361558.0,332976.0,423627.0,530163.0,545982.0,552025.0,526320.0,584711.0,545476.0
8,Armenia,ARM,0.0,0.0,0.0,0.0,0.0,0.0,0.0,0.0,0.0,0.0,0.0,0.0,0.0,0.0,0.0,0.0,0.0,0.0,0.0,0.0,0.0,0.0,0.0,0.0,0.0,0.0,0.0,0.0,0.0,0.0,2256.8,2068.5,1272.6,1201.3,1315.2,1468.3,1597.0,1639.5,1893.7,1845.5,1911.6,2118.5,2376.3,2807.1,3576.6,4900.5,6384.5,9206.3,11662.0,8647.9,9260.3,10142.1,10619.3,11121.5,11609.5,10553.3,10572.3
9,Aruba,ABW,0.0,0.0,0.0,0.0,0.0,0.0,0.0,0.0,0.0,0.0,0.0,0.0,0.0,0.0,0.0,0.0,0.0,0.0,0.0,0.0,0.0,0.0,0.0,0.0,0.0,0.0,0.0,0.0,0.0,0.0,0.0,0.0,0.0,0.0,1330.2,1320.7,1379.9,1531.8,1665.4,1722.8,1873.5,1920.3,1941.1,2021.3,2228.3,2331.0,2421.5,2623.7,2792.0,2498.9,2467.7,2584.5,0.0,0.0,0.0,0.0,0.0
10,Australia,AUS,18593.3,19666.3,19911.5,21527.6,23787.7,25962.6,27288.6,30421.1,32687.9,36659.2,41304.7,45183.1,52003.5,63782.2,88906.4,97226.5,104974.0,110266.0,118401.0,134794.0,149887.0,176805.0,193955.0,177176.0,193504.0,180471.0,182282.0,189376.0,236136.0,299941.0,311426.0,326069.0,325693.0,312373.0,323217.0,368392.0,401819.0,436098.0,399779.0,389147.0,415446.0,378900.0,394636.0,466853.0,613330.0,693764.0,747573.0,853765.0,1055330.0,927168.0,1142880.0,1390560.0,1538190.0,1567180.0,1459600.0,1345380.0,1204620.0
11,Austria,AUT,6592.7,7311.7,7756.1,8374.2,9170.0,9994.1,10887.7,11579.4,12440.6,13582.8,15373.0,17858.5,22059.6,29515.5,35189.3,40059.2,42960.0,51545.8,62052.3,73937.3,82058.9,71034.2,71275.3,72121.0,67985.3,69386.8,99036.2,124168.0,133339.0,133106.0,166463.0,173794.0,195078.0,190380.0,203535.0,241038.0,237251.0,212790.0,218260.0,217186.0,196800.0,197338.0,213378.0,261696.0,300904.0,315974.0,335999.0,388691.0,430294.0,400172.0,391893.0,431120.0,409425.0,430069.0,441885.0,382066.0,390800.0
12,Azerbaijan,AZE,0.0,0.0,0.0,0.0,0.0,0.0,0.0,0.0,0.0,0.0,0.0,0.0,0.0,0.0,0.0,0.0,0.0,0.0,0.0,0.0,0.0,0.0,0.0,0.0,0.0,0.0,0.0,0.0,0.0,0.0,8858.0,8792.4,4991.4,3973.0,3313.7,3052.5,3176.7,3962.7,4446.4,4581.2,5272.6,5707.7,6235.8,7276.0,8680.5,13245.7,20983.0,33050.3,48852.5,44291.5,52902.7,65951.6,69684.3,74164.4,75244.2,53074.4,37847.7
13,Bahamas,BHS,169.8,190.1,212.3,237.7,266.7,300.4,340.0,390.2,444.9,528.1,538.4,573.4,590.9,670.9,632.4,596.2,642.1,713.0,832.4,1139.8,1335.3,1426.5,1578.3,1732.8,2041.1,2320.7,2472.5,2714.0,2817.9,3062.0,3166.0,3111.2,3109.0,3092.0,3259.0,3429.0,3609.0,4961.1,5353.5,6020.0,6327.6,6516.7,6958.0,6949.3,7094.4,7706.2,7965.6,8319.0,8247.0,7820.0,7910.0,7890.0,10720.5,10677.2,10843.8,11240.0,11261.8
14,Bahrain,BHR,0.0,0.0,0.0,0.0,0.0,0.0,0.0,0.0,0.0,0.0,0.0,0.0,0.0,0.0,0.0,0.0,0.0,0.0,0.0,0.0,3072.7,3467.8,3645.7,3735.1,3905.6,3651.9,3052.4,3392.0,3702.4,3863.6,4229.8,4616.2,4751.1,5200.3,5567.6,5849.5,6101.9,6349.2,6183.8,6621.0,9062.9,8976.2,9632.2,11074.8,13150.2,15968.7,18505.1,21730.0,25710.9,22938.2,25713.3,28776.6,30749.3,32539.5,33387.7,31125.9,32179.1
15,Bangladesh,BGD,4274.9,4817.6,5081.4,5319.5,5386.1,5906.6,6439.7,7253.6,7483.7,8471.0,8992.7,8751.8,6288.2,8086.7,12512.5,19448.3,10117.1,9651.1,13281.8,15565.5,18138.0,20249.7,18525.4,17609.0,18920.8,22278.4,21774.0,24298.0,26579.0,28781.7,31598.3,30957.5,31708.9,33166.5,33768.7,37939.7,46438.5,48244.3,49984.6,51270.6,53369.8,53991.3,54724.1,60158.9,65108.5,69442.9,71819.1,79611.9,91631.3,102478.0,115279.0,128638.0,133356.0,149990.0,172885.0,195079.0,221415.0
16,Barbados,BRB,0.0,0.0,0.0,0.0,0.0,0.0,0.0,0.0,0.0,0.0,0.0,0.0,0.0,0.0,0.0,0.0,0.0,0.0,0.0,0.0,0.0,0.0,0.0,0.0,0.0,0.0,0.0,0.0,0.0,0.0,2023.3,2007.1,1950.9,2046.2,2151.3,2262.0,2411.9,2549.3,2874.5,3012.1,3121.5,3116.6,3169.6,3274.8,3514.4,3897.3,4246.6,4523.8,4607.3,4434.0,4461.6,4660.9,4656.4,4612.5,4608.4,4584.2,4529.0
17,Belarus,BLR,0.0,0.0,0.0,0.0,0.0,0.0,0.0,0.0,0.0,0.0,0.0,0.0,0.0,0.0,0.0,0.0,0.0,0.0,0.0,0.0,0.0,0.0,0.0,0.0,0.0,0.0,0.0,0.0,0.0,0.0,21650.0,17420.0,17120.4,16286.3,14932.2,13972.6,14756.9,14128.4,15222.0,12138.5,12736.9,12354.8,14594.9,17825.4,23141.6,30210.1,36961.8,45275.7,60763.5,49209.5,57222.5,61757.8,65685.1,75528.0,78813.8,56454.7,47407.2
18,Belgium,BEL,11658.7,12400.1,13264.0,14260.0,15960.1,17371.5,18651.9,19992.0,21376.4,23710.7,26849.1,29981.3,37408.6,47999.4,56333.0,66029.7,71494.5,83283.3,101788.0,116938.0,127508.0,105291.0,92588.9,87650.9,83795.7,86730.0,120661.0,150194.0,163168.0,165100.0,206431.0,211638.0,236038.0,225925.0,246195.0,289567.0,281358.0,254814.0,260602.0,260202.0,237905.0,237842.0,258860.0,319003.0,370885.0,387366.0,409813.0,471821.0,518626.0,484553.0,483548.0,527008.0,497884.0,520925.0,531076.0,455200.0,467956.0
19,Belize,BLZ,28.1,30.0,31.9,33.7,36.2,40.1,44.4,47.4,44.9,47.3,53.2,59.2,66.1,78.3,103.2,118.1,96.9,117.6,136.3,151.8,194.8,192.9,179.2,189.0,210.9,209.2,227.8,276.6,314.9,363.2,413.0,444.7,518.2,559.9,580.9,620.1,641.4,654.3,689.0,732.7,832.1,871.9,932.6,990.4,1057.8,1114.2,1217.5,1290.6,1368.6,1337.0,1397.1,1486.7,1573.6,1613.7,1706.5,1742.5,1741.1
20,Benin,BEN,226.2,235.7,236.4,253.9,269.8,289.9,302.9,306.2,326.3,330.7,333.6,335.1,410.3,504.4,554.7,676.9,698.4,750.0,928.8,1186.2,1405.3,1291.1,1267.8,1095.3,1051.1,1045.7,1336.1,1562.4,1620.2,1502.3,1960.0,1986.4,1695.3,2274.6,1598.1,2169.6,2361.1,2268.3,2455.1,2689.8,2569.2,2680.2,3054.6,3905.4,4521.4,4803.7,5142.4,5969.5,7132.8,7097.2,6970.2,7814.1,8152.6,9156.7,9707.4,8291.0,8583.0
21,Bermuda,BMU,84.5,89.2,94.1,96.4,107.6,114.3,134.2,155.1,150.0,164.9,186.3,211.1,235.4,269.5,312.6,345.0,386.3,447.0,475.8,517.2,613.3,739.1,785.5,889.4,985.7,1039.5,1173.5,1296.5,1415.1,1501.5,1592.4,1634.9,1679.9,1820.4,1867.2,2030.7,2695.4,2932.8,3130.7,3324.4,3480.2,3680.5,3937.2,4186.5,4484.7,4868.1,5414.3,5895.0,6109.9,5806.4,5744.4,5550.8,5537.5,5573.7,0.0,0.0,0.0
22,Bhutan,BTN,0.0,0.0,0.0,0.0,0.0,0.0,0.0,0.0,0.0,0.0,0.0,0.0,0.0,0.0,0.0,0.0,0.0,0.0,0.0,0.0,135.7,146.4,148.9,165.6,169.3,172.2,201.4,253.2,283.9,275.9,299.8,250.0,250.8,235.2,270.8,303.1,316.4,366.0,377.0,419.0,439.2,476.4,537.1,622.0,702.7,818.9,897.7,1196.1,1258.3,1264.8,1585.5,1820.2,1823.7,1798.3,1944.8,2059.3,2212.6
23,Bolivia,BOL,563.1,612.5,669.7,721.1,812.5,908.9,994.0,1084.1,908.9,964.6,1017.2,1095.5,1257.6,1263.0,2100.2,2404.7,2732.1,3227.4,3758.2,4421.3,4537.5,5891.6,5594.1,5422.7,6169.5,5377.3,3959.4,4348.0,4597.6,4716.0,4867.6,5343.3,5643.9,5734.7,5981.2,6715.2,7397.0,7925.7,8497.5,8285.1,8397.9,8141.5,7905.5,8082.4,8773.5,9549.1,11451.9,13120.2,16674.3,17340.0,19649.6,23963.0,27084.5,30659.3,32996.2,33000.2,33806.4
24,Bosnia and Herzegovina,BIH,0.0,0.0,0.0,0.0,0.0,0.0,0.0,0.0,0.0,0.0,0.0,0.0,0.0,0.0,0.0,0.0,0.0,0.0,0.0,0.0,0.0,0.0,0.0,0.0,0.0,0.0,0.0,0.0,0.0,0.0,0.0,0.0,0.0,0.0,1255.8,1866.6,2786.0,3671.8,4116.7,4685.7,5506.0,5749.0,6651.2,8370.0,10022.8,11225.1,12866.5,15776.4,19112.7,17613.8,17176.8,18644.7,17226.8,18178.5,18558.3,16209.7,16910.3
25,Botswana,BWA,30.4,32.9,35.6,38.1,41.6,45.8,51.5,58.6,66.2,77.4,96.2,127.0,165.3,244.1,306.0,355.2,372.0,451.6,590.4,819.9,1060.9,1073.9,1014.9,1172.3,1240.8,1114.8,1392.6,1965.3,2644.5,3083.8,3790.6,3942.8,4146.5,4160.1,4259.3,4730.6,4847.8,5020.2,4790.5,5484.3,5788.3,5489.6,5438.9,7511.6,8957.5,9931.1,10126.9,10939.1,10945.1,10267.1,12786.7,15682.9,14686.3,14915.8,16259.4,14430.6,15581.1
26,Brazil,BRA,15165.6,15236.9,19926.3,23021.5,21211.9,21790.0,27062.7,30591.8,33875.9,37458.9,42327.6,49204.5,58539.0,79279.1,105136.0,123709.0,152678.0,176171.0,200801.0,224969.0,235025.0,263561.0,281682.0,203305.0,209024.0,222943.0,268137.0,294084.0,330397.0,425595.0,461952.0,602860.0,400599.0,437799.0,558112.0,785643.0,850426.0,883199.0,863723.0,599389.0,655421.0,559373.0,507963.0,558320.0,669316.0,891630.0,1107640.0,1397080.0,1695820.0,1667020.0,2208870.0,2616200.0,2465190.0,2472810.0,2455990.0,1803650.0,1796190.0
27,"Virgin Islands, British",VGB,0.0,0.0,0.0,0.0,0.0,0.0,0.0,0.0,0.0,0.0,0.0,0.0,0.0,0.0,0.0,0.0,0.0,0.0,0.0,0.0,0.0,0.0,0.0,0.0,0.0,0.0,0.0,0.0,0.0,0.0,0.0,0.0,0.0,0.0,0.0,0.0,0.0,0.0,0.0,0.0,0.0,0.0,0.0,0.0,0.0,0.0,0.0,0.0,0.0,0.0,0.0,0.0,0.0,0.0,0.0,0.0,0.0
28,Brunei,BRN,0.0,0.0,0.0,0.0,0.0,114.0,132.8,139.0,160.8,161.2,179.1,197.5,270.8,433.1,1073.6,1168.3,1423.1,1732.7,1941.6,2803.8,4928.8,4366.2,4264.3,3844.7,3782.5,3523.6,2358.6,2754.5,2690.7,2985.5,3520.6,3701.7,4183.5,4105.7,4087.3,4734.0,5115.6,5197.3,4051.1,4600.0,6001.2,5601.1,5843.3,6557.3,7872.3,9531.4,11470.7,12247.7,14393.1,10732.4,13707.4,18525.3,19048.5,18093.8,17098.3,12930.4,11400.7
29,Bulgaria,BGR,0.0,0.0,0.0,0.0,0.0,0.0,0.0,0.0,0.0,0.0,0.0,0.0,0.0,0.0,0.0,0.0,0.0,0.0,0.0,0.0,19839.2,19870.0,19342.0,16563.7,17594.9,17155.4,20249.3,28101.0,22555.9,21988.4,20632.1,10943.5,10350.5,10829.7,9697.4,13063.4,10109.4,11195.6,14631.0,13495.1,13148.1,14135.4,16360.3,21074.8,26094.6,29821.7,34304.4,44765.7,54409.1,51884.5,50610.0,57418.4,53903.0,55758.7,56732.0,50199.1,53237.9
30,Burkina Faso,BFA,330.4,350.2,379.6,394.0,410.3,422.9,433.9,450.8,460.4,478.3,458.4,482.4,578.6,674.8,751.1,940.0,976.5,1131.2,1475.6,1748.5,1928.7,1775.8,1754.5,1600.3,1459.9,1552.5,2036.3,2369.8,2616.0,2615.6,3101.3,3135.0,2240.3,2332.0,1895.3,2379.5,2586.6,2447.7,2804.9,2993.8,2628.9,2812.8,3205.6,4205.7,4838.6,5462.7,5844.7,6771.3,8369.6,8369.2,8980.0,10724.1,11166.1,11947.2,12377.4,10419.3,11693.2
31,Burundi,BDI,196.0,203.0,213.5,232.7,260.8,159.0,165.4,178.3,183.2,190.2,242.7,252.8,246.8,304.3,345.3,421.0,448.4,547.5,610.2,782.5,919.7,969.0,1013.2,1082.9,987.1,1150.0,1201.7,1131.5,1082.4,1113.9,1132.1,1167.4,1083.0,938.6,925.0,1000.4,869.0,972.9,893.8,808.1,870.5,876.8,825.4,784.7,915.3,1117.3,1273.2,1356.1,1611.6,1739.8,2026.9,2355.7,2472.4,2714.5,3093.6,3066.7,3007.0
32,Cape Verde,CPV,0.0,0.0,0.0,0.0,0.0,0.0,0.0,0.0,0.0,0.0,0.0,0.0,0.0,0.0,0.0,0.0,0.0,0.0,0.0,0.0,142.2,139.5,140.6,138.5,132.0,137.7,190.7,235.3,264.3,267.4,306.9,319.8,357.2,490.4,406.6,487.1,502.0,490.6,521.9,592.4,539.2,563.0,621.0,814.0,924.3,972.0,1107.9,1513.9,1789.3,1711.8,1664.3,1864.8,1751.9,1851.0,1858.1,1574.3,1617.5
33,Cambodia,KHM,637.1,642.9,660.0,728.6,782.9,868.6,914.3,962.9,1065.7,978.9,718.4,969.9,505.5,702.9,588.4,0.0,0.0,0.0,0.0,0.0,0.0,0.0,0.0,0.0,0.0,0.0,0.0,0.0,0.0,0.0,0.0,0.0,0.0,2533.7,2791.4,3441.2,3506.7,3443.4,3120.4,3517.2,3654.0,3984.0,4284.0,4658.2,5337.8,6293.0,7274.6,8639.2,10351.9,10401.9,11242.3,12829.5,14038.4,15449.6,16777.8,18050.0,20016.7
34,Cameroon,CMR,618.7,657.6,699.4,723.6,782.4,814.1,853.3,934.1,1053.1,1152.4,1160.0,1234.0,1431.0,1758.7,2255.5,2752.8,3076.6,3366.4,4409.9,5811.4,6740.8,7636.3,7322.9,7381.9,7801.9,8148.2,10621.2,12302.5,12493.3,11140.1,11151.6,12434.4,11396.3,15498.2,10600.2,9644.0,10513.4,10833.5,10612.8,11198.4,10083.9,10371.3,11579.3,14548.8,17430.9,17944.1,19356.0,22365.3,26409.8,26017.9,26143.8,29337.0,29104.4,32348.1,34942.9,30916.2,32217.5
35,Canada,CAN,41093.5,40768.0,41978.9,44657.2,48882.9,53909.6,60358.6,64768.8,70759.0,77887.5,87896.1,99272.0,113083.0,131322.0,160409.0,173834.0,206576.0,211612.0,218633.0,243072.0,273854.0,306215.0,313507.0,340548.0,355373.0,364756.0,377438.0,431317.0,507354.0,565056.0,593930.0,610328.0,592388.0,577171.0,578139.0,604032.0,628546.0,652825.0,631813.0,676083.0,742293.0,736380.0,757951.0,892381.0,1023200.0,1169360.0,1315420.0,1464980.0,1549130.0,1371150.0,1613460.0,1788650.0,1824290.0,1842630.0,1792880.0,1552810.0,1529760.0
36,Cayman Islands,CYM,0.0,0.0,0.0,0.0,0.0,0.0,0.0,0.0,0.0,0.0,0.0,0.0,0.0,0.0,0.0,0.0,0.0,0.0,0.0,0.0,0.0,0.0,0.0,0.0,0.0,0.0,0.0,0.0,0.0,0.0,0.0,0.0,0.0,0.0,0.0,0.0,1012.4,0.0,0.0,0.0,0.0,0.0,0.0,0.0,0.0,0.0,3207.0,0.0,0.0,0.0,0.0,0.0,0.0,0.0,0.0,0.0,0.0
37,Central African Republic,CAF,112.2,123.1,124.5,129.4,142.0,150.6,157.9,163.8,191.8,188.0,189.1,201.5,230.3,271.2,281.4,378.7,451.2,507.3,610.6,700.8,797.0,694.8,748.3,658.7,637.8,864.8,1122.3,1201.0,1264.9,1233.9,1440.7,1377.4,1411.9,1278.8,851.2,1115.4,1007.8,937.7,967.3,999.5,914.5,931.8,991.4,1139.8,1270.1,1350.3,1460.6,1698.1,1985.2,1981.7,1986.0,2212.7,2184.2,1518.6,1702.9,1583.8,1756.1
38,Chad,TCD,313.6,334.0,357.6,371.8,392.2,416.9,432.8,449.8,454.0,471.6,469.3,501.9,585.4,647.2,652.5,864.6,866.0,935.4,1113.9,1004.3,1033.0,876.9,834.4,832.4,919.1,1033.1,1067.8,1163.4,1482.6,1433.7,1738.6,1877.1,1881.8,1463.3,1179.8,1445.9,1607.3,1544.7,1744.8,1534.7,1385.1,1709.3,1987.6,2736.7,4414.9,6646.7,7422.1,8638.7,10351.9,9253.5,10657.7,12156.4,12368.1,12949.9,13922.2,10888.8,9600.8
39,Channel Islands,CHI,0.0,0.0,0.0,0.0,0.0,0.0,0.0,0.0,0.0,0.0,0.0,0.0,0.0,0.0,0.0,0.0,0.0,0.0,0.0,0.0,0.0,0.0,0.0,0.0,0.0,0.0,0.0,0.0,0.0,0.0,0.0,0.0,0.0,0.0,0.0,0.0,0.0,0.0,5945.7,6262.7,6439.7,6232.9,6663.7,7332.2,8553.6,8827.3,9676.2,11514.6,0.0,0.0,0.0,0.0,0.0,0.0,0.0,0.0,0.0
40,Chile,CHL,4110.0,4609.7,5416.3,5668.2,5982.3,6026.6,7072.6,7013.2,7167.1,8377.1,9126.3,10884.1,11853.8,16836.3,16210.4,7622.2,10341.9,13962.9,15989.9,21803.7,29036.7,34509.9,25325.9,20356.0,19622.5,17702.9,18891.0,22255.4,26040.2,29885.7,33113.9,37834.8,45964.3,49297.8,57008.4,73447.1,78039.6,84952.4,81577.4,75173.8,77860.9,70979.9,69736.8,75643.5,99210.4,122965.0,154788.0,173606.0,179638.0,172389.0,218538.0,252252.0,267122.0,278384.0,260990.0,242518.0,247028.0
41,China,CHN,59716.5,50056.9,47209.4,50706.8,59708.3,70436.3,76720.3,72881.6,70846.5,79705.9,92603.0,99801.0,113688.0,138544.0,144182.0,163432.0,153940.0,174938.0,149541.0,178281.0,191149.0,195866.0,205090.0,230687.0,259947.0,309488.0,300758.0,272973.0,312354.0,347768.0,360858.0,383373.0,426916.0,444731.0,564325.0,734548.0,863747.0,961604.0,1029040.0,1094000.0,1211350.0,1339400.0,1470550.0,1660290.0,1955350.0,2285970.0,2752130.0,3552180.0,4598210.0,5109950.0,6100620.0,7572550.0,8560550.0,9607220.0,10482400.0,11064700.0,11199100.0
42,Colombia,COL,4040.9,4552.9,4968.6,4838.8,5992.2,5790.2,5452.8,5727.2,5918.5,6405.4,7198.4,7820.4,8671.4,10315.8,12370.0,13098.6,15341.4,19471.0,23263.5,27940.4,33400.7,36388.4,38968.0,38729.8,38253.1,34894.4,34942.5,36373.3,39212.6,39540.1,40274.2,41239.6,49279.6,55802.5,81703.5,92507.3,97160.1,106660.0,98443.7,86186.2,99886.6,98203.5,97933.4,94684.6,117075.0,146566.0,162590.0,207416.0,243982.0,233822.0,287018.0,335415.0,369660.0,380192.0,378196.0,291520.0,282463.0
43,Comoros,COM,0.0,0.0,0.0,0.0,0.0,0.0,0.0,0.0,0.0,0.0,0.0,0.0,0.0,0.0,0.0,0.0,0.0,0.0,0.0,0.0,123.5,114.3,107.1,111.5,107.5,114.5,162.5,196.4,207.5,198.7,250.0,246.8,266.2,263.6,185.8,231.9,230.5,212.1,215.4,222.6,203.8,220.1,246.7,317.6,368.1,380.4,406.1,462.5,523.1,524.2,530.5,586.3,570.9,618.7,647.7,565.7,616.7
44,Democratic Republic of the Congo,COD,3359.4,3086.7,3779.8,6213.2,2881.5,4043.9,4532.7,3384.1,3909.8,5032.4,4877.7,5594.8,6173.7,7870.2,9597.0,10237.3,9648.6,12344.4,15372.6,15068.4,14394.9,12537.8,13651.7,11006.7,7857.7,7195.0,8095.4,7661.6,8861.3,9021.9,9349.8,9088.0,8206.2,10707.8,5820.4,5643.4,5771.5,6090.8,6215.6,4711.3,19088.0,7438.2,8728.0,8937.6,10297.5,11964.5,14296.5,16364.0,19206.1,0.0,20523.3,23849.0,27463.2,30014.8,34028.1,36188.5,31930.9
45,Republic of Congo,COG,131.7,151.7,166.5,172.2,185.7,198.3,220.6,237.4,251.2,265.0,275.0,322.1,410.7,542.0,585.4,767.1,754.5,765.2,878.8,1198.7,1705.8,1993.5,2160.6,2097.3,2193.6,2160.9,1849.3,2297.8,2212.5,2389.6,2798.7,2724.9,2933.2,1919.0,1769.4,2116.0,2540.7,2322.7,1949.5,2353.9,3219.9,2794.3,3020.0,3495.9,4648.6,6087.0,7731.3,8394.7,11859.0,9593.5,12007.9,14425.6,13677.9,14085.9,14177.4,8553.2,7833.5
46,Costa Rica,CRI,507.5,490.3,479.2,511.9,542.6,593.0,647.3,699.5,773.8,853.6,984.8,1077.2,1238.3,1528.9,1666.5,1960.9,2412.6,3072.4,3523.2,4035.5,4831.4,2623.8,2606.6,3976.5,4593.9,4796.6,5477.9,5841.1,6063.8,6866.4,7403.5,7169.0,8528.6,9537.3,10432.6,11513.5,11618.3,12552.1,13617.4,14195.6,14949.5,15913.4,16504.8,17195.9,18529.8,19952.2,22600.4,26743.9,30612.9,30562.4,37268.6,42262.7,46473.1,49745.1,50656.0,54840.1,57435.5
47,Ivory Coast,CIV,546.2,618.2,645.3,761.0,921.1,919.8,1024.1,1082.9,1281.3,1361.4,1455.5,1584.1,1849.4,2508.4,3070.2,3893.8,4662.1,6265.1,7900.5,9142.9,10175.6,8432.6,7567.1,6838.2,6841.6,6977.7,9158.3,10087.7,10255.2,9757.4,10795.9,10492.6,11153.0,11045.8,8313.6,11000.1,12139.2,11722.1,12612.0,12376.6,10717.0,11192.6,12346.9,15306.6,16554.4,17084.9,17800.9,20343.6,24224.9,24277.5,24884.5,25381.6,27040.6,31273.0,35372.6,33145.1,36372.6
48,Croatia,HRV,0.0,0.0,0.0,0.0,0.0,0.0,0.0,0.0,0.0,0.0,0.0,0.0,0.0,0.0,0.0,0.0,0.0,0.0,0.0,0.0,0.0,0.0,0.0,0.0,0.0,0.0,0.0,0.0,0.0,0.0,0.0,0.0,0.0,0.0,0.0,22387.6,23678.0,23822.1,25432.1,23386.9,21774.3,23289.7,26878.5,34658.1,41574.5,45416.4,50453.6,60093.2,70481.5,62703.1,59665.4,62236.8,56485.3,57769.9,57080.4,48921.9,50715.0
49,Cuba,CUB,0.0,0.0,0.0,0.0,0.0,0.0,0.0,0.0,0.0,0.0,5693.0,6914.7,8135.2,9987.7,11406.0,13027.4,13789.6,14206.2,17844.7,19584.4,19912.9,20150.3,20953.5,22204.9,24039.4,22920.5,24226.6,25213.9,27459.0,27023.5,28645.4,24316.6,22085.9,22367.3,28448.3,30429.8,25017.3,25366.2,25736.3,28364.6,30565.4,31682.4,33590.5,35901.2,38203.0,42643.8,52742.8,58603.9,60806.3,62080.0,64328.0,68990.0,73141.0,77148.0,80656.1,87132.8,0.0
50,Curacao,CUW,0.0,0.0,0.0,0.0,0.0,0.0,0.0,0.0,0.0,0.0,0.0,0.0,0.0,0.0,0.0,0.0,0.0,0.0,0.0,0.0,0.0,0.0,0.0,0.0,0.0,0.0,0.0,0.0,0.0,0.0,0.0,0.0,0.0,0.0,0.0,0.0,0.0,0.0,0.0,0.0,0.0,0.0,0.0,0.0,0.0,0.0,0.0,0.0,0.0,0.0,0.0,0.0,0.0,0.0,0.0,0.0,0.0
51,Cyprus,CYP,0.0,0.0,0.0,0.0,0.0,0.0,0.0,0.0,0.0,0.0,0.0,0.0,0.0,0.0,0.0,489.9,576.1,734.9,964.0,1288.7,2154.3,2087.5,2159.2,2160.4,2278.2,2430.4,3090.7,3704.8,4278.8,4563.5,5591.1,5770.2,6912.2,6590.3,7425.7,9826.8,9899.6,9594.3,10353.5,10614.5,10183.3,10567.3,11618.3,14576.9,17422.4,18703.1,20403.7,24077.5,27839.5,25942.6,25562.3,27427.2,25041.4,24084.6,23359.3,19676.2,20047.0
52,Czech Republic,CZE,0.0,0.0,0.0,0.0,0.0,0.0,0.0,0.0,0.0,0.0,0.0,0.0,0.0,0.0,0.0,0.0,0.0,0.0,0.0,0.0,0.0,0.0,0.0,0.0,0.0,0.0,0.0,0.0,0.0,0.0,40477.4,29675.5,34590.1,40614.4,47554.7,59775.7,66985.8,61792.2,66490.4,64867.5,61649.5,67523.6,81910.8,99627.1,119162.0,136281.0,155464.0,189227.0,235719.0,206180.0,207478.0,227948.0,207376.0,209402.0,207818.0,186830.0,195305.0
53,Denmark,DNK,6248.9,6933.8,7813.0,8316.7,9506.7,10678.9,11721.2,12788.5,13196.5,15009.4,17075.5,19085.7,23232.4,30730.6,34160.4,40474.4,44575.8,49784.3,60362.9,70366.3,71127.6,61877.8,60412.8,60644.8,59105.2,62658.5,88078.7,109414.0,115553.0,112409.0,138247.0,139225.0,152916.0,143196.0,156162.0,185007.0,187632.0,173538.0,176992.0,177965.0,164159.0,164791.0,178635.0,218096.0,251373.0,264467.0,282885.0,319423.0,353361.0,321241.0,321995.0,344003.0,327149.0,343584.0,352994.0,301298.0,306900.0
54,Djibouti,DJI,0.0,0.0,0.0,0.0,0.0,0.0,0.0,0.0,0.0,0.0,0.0,0.0,0.0,0.0,0.0,0.0,0.0,0.0,0.0,0.0,0.0,0.0,0.0,0.0,0.0,341.0,0.0,373.4,395.8,409.2,452.3,462.4,478.1,466.0,491.7,497.7,494.0,502.7,514.3,536.1,551.2,572.4,591.1,622.0,666.1,708.6,768.9,847.9,999.1,1049.1,1128.6,1239.1,1353.6,1455.0,1588.0,1727.0,0.0
55,Dominica,DMA,0.0,0.0,0.0,0.0,0.0,0.0,0.0,0.0,0.0,0.0,0.0,0.0,0.0,0.0,0.0,0.0,0.0,36.4,45.2,44.3,59.1,66.2,72.1,79.9,89.8,98.6,112.1,126.3,143.8,153.4,166.3,180.4,191.8,200.4,215.5,224.0,236.4,245.8,258.4,267.7,335.8,343.1,337.7,350.1,374.8,370.4,390.4,421.4,458.2,489.1,493.8,501.0,486.0,502.0,523.7,535.1,581.5
56,Dominican Republic,DOM,672.4,654.1,824.1,940.8,1025.6,888.1,983.9,1034.8,1079.1,1230.5,1485.4,1666.4,1987.3,2344.7,2925.6,3599.3,3951.4,4587.1,4774.4,5498.8,6631.0,7267.0,7964.0,8622.0,10330.4,5044.6,6122.2,5827.0,5374.3,6686.6,7073.7,9724.4,11277.7,12976.4,14511.1,16358.5,18131.8,19593.9,21171.5,21709.7,23996.1,24892.5,26571.6,21277.2,22039.2,34004.0,35952.8,44169.7,48289.0,48376.6,53954.6,57746.7,60613.6,61965.9,65231.0,68102.6,71583.6
57,Ecuador,ECU,1010.3,979.1,958.6,1038.4,1156.2,2387.0,2429.3,2553.6,2582.2,3112.2,2862.5,2754.2,3186.0,3891.8,6599.3,7731.7,9091.9,11026.3,11922.5,14175.2,17881.5,21810.8,19929.9,17152.5,16912.5,17149.1,15314.1,13945.4,13051.9,13890.8,15239.3,16988.5,18094.2,18938.7,22708.7,24432.9,25226.4,28162.1,27981.9,19645.3,18327.8,24468.3,28548.9,32432.9,36591.7,41507.1,46802.0,51007.8,61762.6,62519.7,69555.4,79276.7,87924.5,95129.7,101726.0,99290.4,98614.0
58,Egypt,EGY,0.0,0.0,0.0,0.0,0.0,5111.6,5339.5,5579.2,6109.1,6861.7,7682.5,8266.0,8764.0,9616.7,9015.2,11438.0,13360.5,14636.0,14849.9,18150.0,22912.5,23405.4,25592.4,28137.4,30642.9,34689.6,35880.3,40507.9,35044.6,39648.4,43130.4,36970.6,41856.0,46578.6,51898.0,60159.2,67629.7,78436.6,84828.8,90710.7,99838.5,97632.0,87850.7,82924.5,78845.2,89685.7,107484.0,130479.0,162818.0,188982.0,218888.0,236002.0,279373.0,288586.0,305530.0,332698.0,332791.0
59,El Salvador,SLV,0.0,0.0,0.0,0.0,0.0,877.7,929.5,976.2,1009.8,1049.4,1132.9,1186.1,1263.7,1442.3,1665.9,1884.1,2328.3,2941.6,3128.0,3463.6,3574.0,3437.2,3399.2,3506.3,3661.7,3800.4,3771.7,3958.0,4189.9,4372.2,4800.9,5311.0,5954.7,6938.0,8085.6,9500.5,10315.5,11134.7,12008.4,12464.7,13134.1,13812.7,14306.7,15046.7,15798.3,17093.8,18550.7,20104.9,21431.0,20661.0,21418.3,23139.0,23813.6,24350.9,25054.2,26052.3,26797.5
60,Equatorial Guinea,GNQ,0.0,0.0,9.1,10.8,12.7,64.7,69.1,72.3,67.5,67.2,66.3,64.9,65.4,81.2,94.2,104.3,103.7,104.0,0.0,0.0,50.6,36.7,44.3,44.4,50.3,62.1,76.4,93.3,100.5,88.3,112.1,110.9,134.7,136.0,100.8,141.9,232.5,442.3,370.7,621.1,1046.0,1461.1,1806.7,2484.7,4410.8,8217.4,10086.5,13071.7,19749.9,15027.8,16298.5,21329.4,22389.6,21942.6,21736.5,12597.2,10684.8
61,Eritrea,ERI,0.0,0.0,0.0,0.0,0.0,0.0,0.0,0.0,0.0,0.0,0.0,0.0,0.0,0.0,0.0,0.0,0.0,0.0,0.0,0.0,0.0,0.0,0.0,0.0,0.0,0.0,0.0,0.0,0.0,0.0,0.0,0.0,477.1,467.9,531.7,578.0,693.5,686.5,745.5,688.9,706.4,752.4,729.3,870.2,1109.1,1098.4,1211.2,1318.0,1380.2,1856.7,2117.0,2607.7,0.0,0.0,0.0,0.0,0.0
62,Estonia,EST,0.0,0.0,0.0,0.0,0.0,0.0,0.0,0.0,0.0,0.0,0.0,0.0,0.0,0.0,0.0,0.0,0.0,0.0,0.0,0.0,0.0,0.0,0.0,0.0,0.0,0.0,0.0,0.0,0.0,0.0,0.0,0.0,0.0,0.0,0.0,4373.7,4746.1,5066.2,5617.1,5726.9,5685.8,6245.1,7322.1,9833.9,12059.2,14006.1,16963.6,22237.1,24194.0,19652.5,19490.9,23170.2,23043.9,25137.2,26224.6,22567.0,23337.9
63,Ethiopia,ETH,0.0,0.0,0.0,0.0,0.0,0.0,0.0,0.0,0.0,0.0,0.0,0.0,0.0,0.0,0.0,0.0,0.0,0.0,0.0,0.0,0.0,7324.9,7707.7,8567.9,8096.3,9480.8,9848.6,10527.3,10908.9,11476.6,12175.2,13463.9,10493.0,8830.7,6928.0,7664.0,8547.9,8589.2,7818.2,7700.8,8242.4,8231.3,7850.8,8623.7,10131.2,12401.1,15280.9,19707.6,27066.9,32437.4,29933.8,31952.8,43310.7,47648.2,55612.2,64464.5,72374.2
64,European Union,EUU,358941.0,390792.0,426910.0,470299.0,521200.0,567593.0,615287.0,661170.0,687217.0,754800.0,855292.0,967486.0,1158400.0,1470830.0,1653030.0,1927120.0,1995880.0,2260220.0,2769910.0,3382850.0,3861240.0,3416530.0,3288160.0,3187220.0,3060220.0,3162770.0,4337020.0,5366350.0,5985920.0,6111980.0,7579120.0,7865710.0,8571120.0,7815480.0,8299160.0,9626420.0,9841350.0,9289520.0,9605570.0,9590850.0,8912440.0,9009860.0,9822710.0,11957200.0,13806700.0,14441200.0,15405400.0,17795800.0,19136700.0,17101500.0,16992700.0,18352600.0,17290200.0,18026900.0,18632400.0,16410700.0,16487300.0
65,Faroe Islands,FRO,0.0,0.0,0.0,0.0,0.0,0.0,0.0,0.0,0.0,0.0,0.0,0.0,0.0,0.0,0.0,0.0,0.0,0.0,0.0,0.0,0.0,0.0,0.0,0.0,0.0,0.0,0.0,0.0,0.0,0.0,0.0,0.0,0.0,0.0,0.0,0.0,0.0,0.0,1105.7,1125.7,1062.3,1154.9,1268.4,1486.9,1684.0,1730.9,1970.1,2278.2,2413.3,2257.1,2301.2,2468.8,2356.5,2613.5,2810.5,2476.7,0.0
66,Fiji,FJI,112.3,117.0,122.9,129.5,140.0,147.1,150.6,162.6,167.0,182.2,219.9,247.7,316.7,426.0,558.6,684.3,694.6,719.5,829.2,1019.7,1202.6,1235.9,1194.0,1123.1,1178.0,1141.2,1290.2,1177.9,1110.0,1182.7,1337.0,1383.8,1531.8,1635.4,1825.3,1970.3,2129.3,2094.0,1656.8,1942.2,1684.1,1660.1,1842.7,2315.9,2727.5,3006.7,3102.7,3405.1,3523.2,2870.6,3140.5,3774.5,3972.0,4190.1,4469.6,4391.1,4703.6
67,Finland,FIN,5224.1,5921.7,6340.6,6885.9,7766.7,8589.3,9208.5,9369.0,8823.0,10070.8,11366.0,12536.7,14754.1,19486.8,24867.3,29494.5,31873.2,33524.7,36283.1,44498.3,53685.0,52485.5,52832.1,51014.1,52926.4,55914.2,73586.7,91642.1,109103.0,119065.0,141518.0,127866.0,112625.0,89255.8,103322.0,134199.0,132099.0,126833.0,133936.0,135226.0,125540.0,129250.0,139553.0,171071.0,196768.0,204436.0,216553.0,255385.0,283742.0,251499.0,247800.0,273674.0,256706.0,269980.0,272609.0,232439.0,238503.0
68,France,FRA,62651.5,68346.7,76313.8,85551.1,94906.6,102161.0,110597.0,119466.0,129847.0,140725.0,148949.0,166564.0,204283.0,265382.0,286526.0,362001.0,373410.0,411464.0,508183.0,615834.0,703525.0,617590.0,586837.0,561852.0,532649.0,555197.0,774556.0,938368.0,1023500.0,1030120.0,1275300.0,1275560.0,1408720.0,1330090.0,1401640.0,1609890.0,1614250.0,1460710.0,1510760.0,1500280.0,1368440.0,1382220.0,1500340.0,1848120.0,2124110.0,2203680.0,2325010.0,2663110.0,2923470.0,2693830.0,2646840.0,2862680.0,2681420.0,2808510.0,2849310.0,2433560.0,2465450.0
69,French Polynesia,PYF,0.0,0.0,0.0,0.0,0.0,176.5,215.7,221.0,259.6,242.9,254.0,296.6,325.8,431.3,555.3,690.3,732.3,793.2,1005.6,1215.0,1362.2,1280.0,1286.5,1335.9,1379.0,1507.2,2301.5,2543.2,2687.5,2636.5,3181.2,3267.4,3558.2,3694.6,3522.3,3982.4,3954.7,3567.1,3775.2,3797.0,3447.5,0.0,0.0,0.0,0.0,0.0,0.0,0.0,0.0,0.0,0.0,0.0,0.0,0.0,0.0,0.0,0.0
70,Gabon,GAB,141.5,167.6,182.8,154.5,215.7,226.5,245.8,271.5,294.5,318.1,323.8,381.7,430.5,722.8,1544.2,2157.6,3009.4,2809.3,2389.5,3030.3,4279.6,3862.3,3618.0,3391.3,3561.5,3339.9,3403.6,3281.8,3834.5,4186.4,5952.3,5402.9,5592.4,4378.6,4190.8,4958.8,5694.0,5326.8,4483.4,4663.0,5067.9,5018.9,5310.4,6497.3,7756.3,9579.0,10318.4,12439.0,15508.6,12065.1,14358.6,18186.5,17171.4,17590.7,18179.7,14262.0,14213.6
71,Gambia,GMB,0.0,0.0,0.0,0.0,0.0,0.0,44.2,46.7,41.2,45.2,52.3,55.7,59.2,75.2,95.8,115.2,112.2,138.1,171.8,207.1,241.1,218.8,216.1,213.4,177.3,225.7,185.6,220.6,266.7,284.1,317.1,690.3,714.3,755.0,746.5,786.0,848.2,803.6,840.3,814.7,782.9,687.4,578.2,487.0,578.8,624.2,655.1,798.9,965.8,900.6,951.8,898.3,910.0,899.0,833.2,907.7,964.6
72,Georgia,GEO,0.0,0.0,0.0,0.0,0.0,0.0,0.0,0.0,0.0,0.0,0.0,0.0,0.0,0.0,0.0,0.0,0.0,0.0,0.0,0.0,0.0,0.0,0.0,0.0,0.0,0.0,0.0,0.0,0.0,0.0,7753.5,6357.6,3690.3,2701.2,2513.9,2693.7,3094.9,3510.5,3613.5,2800.0,3057.5,3219.5,3395.8,3991.4,5125.3,6410.9,7745.4,10172.9,12795.0,10766.8,11638.5,14434.6,15846.5,16140.0,16509.3,13993.5,14378.0
73,Germany,DEU,0.0,0.0,0.0,0.0,0.0,0.0,0.0,0.0,0.0,0.0,215022.0,249039.0,298667.0,396867.0,443619.0,488780.0,517788.0,598226.0,737668.0,878011.0,946695.0,797443.0,773638.0,767768.0,722368.0,729763.0,1042300.0,1293260.0,1395930.0,1393670.0,1764970.0,1861870.0,2123130.0,2068560.0,2205970.0,2591620.0,2503670.0,2218690.0,2243230.0,2199960.0,1949950.0,1950650.0,2079140.0,2505730.0,2819250.0,2861410.0,3002450.0,3439950.0,3752370.0,3418010.0,3417090.0,3757700.0,3543980.0,3752510.0,3890610.0,3375610.0,3477800.0
74,Ghana,GHA,1217.2,1302.7,1382.5,1540.8,1731.3,2053.5,2126.3,1747.2,1666.9,1962.1,2215.0,2417.1,2112.3,2465.5,2894.4,2810.1,2765.3,3189.4,3662.5,4020.2,4445.2,4222.4,4036.0,4057.3,4412.3,4504.3,5727.6,5074.8,5197.8,5251.8,5889.2,6596.5,6413.9,5966.3,5444.6,6465.1,6935.0,6891.3,7481.0,7719.4,4983.0,5314.9,6166.3,7632.4,8881.4,10731.6,20409.3,24758.8,28526.9,25977.8,32174.8,39566.3,41939.7,47805.1,38616.5,37543.4,42689.8
75,Gibraltar,GIB,0.0,0.0,0.0,0.0,0.0,0.0,0.0,0.0,0.0,0.0,0.0,0.0,0.0,0.0,0.0,0.0,0.0,0.0,0.0,0.0,0.0,0.0,0.0,0.0,0.0,0.0,0.0,0.0,0.0,0.0,0.0,0.0,0.0,0.0,0.0,0.0,0.0,0.0,0.0,0.0,0.0,0.0,0.0,0.0,0.0,0.0,0.0,0.0,0.0,0.0,0.0,0.0,0.0,0.0,0.0,0.0,0.0
76,Greece,GRC,4446.5,5016.0,5327.6,5949.5,6680.3,7600.6,8455.6,9136.7,9915.1,11266.1,13139.9,14591.8,16885.5,22347.8,25351.3,28525.9,31152.8,36176.2,44270.2,54481.9,56829.7,52346.5,54618.0,49428.9,48020.0,47820.9,56379.6,65652.8,76261.3,79169.0,97891.1,105143.0,116225.0,108809.0,116602.0,136878.0,145862.0,143158.0,144428.0,142541.0,130134.0,136191.0,153831.0,201924.0,240521.0,247783.0,273318.0,318498.0,354461.0,330000.0,299362.0,287798.0,245671.0,239862.0,237030.0,195542.0,192691.0
77,Greenland,GRL,0.0,0.0,0.0,0.0,0.0,0.0,0.0,0.0,0.0,0.0,69.5,88.6,106.1,140.2,169.9,211.2,240.8,282.3,356.0,420.6,476.1,435.7,402.4,416.2,379.4,412.9,603.0,787.4,898.6,929.8,1019.0,1016.5,1037.9,927.2,1005.9,1208.9,1197.5,1072.1,1149.9,1131.6,1068.0,1086.2,1169.1,1407.9,1621.8,1656.2,1818.8,2049.1,2310.7,2324.9,2306.5,2515.2,2408.7,2483.4,2551.1,2220.4,0.0
78,Grenada,GRD,0.0,0.0,0.0,0.0,0.0,0.0,0.0,0.0,0.0,0.0,0.0,0.0,0.0,0.0,0.0,0.0,0.0,71.5,88.3,102.2,110.9,115.7,125.4,131.8,145.5,167.7,187.6,215.0,236.4,267.3,278.1,300.8,310.2,309.8,325.1,342.2,366.9,392.2,445.9,482.0,520.0,520.4,540.3,591.0,599.1,695.4,698.7,758.7,826.0,771.3,771.0,778.6,799.9,842.6,911.5,997.0,1056.2
79,Guam,GUM,0.0,0.0,0.0,0.0,0.0,0.0,0.0,0.0,0.0,0.0,0.0,0.0,0.0,0.0,0.0,0.0,0.0,0.0,0.0,0.0,0.0,0.0,0.0,0.0,0.0,0.0,0.0,0.0,0.0,0.0,0.0,0.0,0.0,0.0,0.0,0.0,0.0,0.0,0.0,0.0,0.0,0.0,3385.0,3560.0,3857.0,4197.0,4213.0,4375.0,4621.0,4781.0,4895.0,4928.0,5199.0,5337.0,5531.0,5697.0,5793.0
80,Guatemala,GTM,1043.6,1076.7,1143.6,1262.8,1299.1,1331.4,1390.7,1453.5,1610.5,1715.4,1904.0,1984.8,2101.3,2569.2,3161.5,3645.9,4365.3,5480.5,6070.6,6902.6,7878.7,8607.5,8717.0,9050.0,9470.0,9721.7,7232.0,7084.4,7841.6,8410.7,7650.1,9406.1,10440.8,11399.9,12983.2,14655.5,15674.9,17790.1,19395.5,18318.5,19288.9,18702.8,20776.7,21917.7,23965.3,27211.4,30231.2,34113.1,39136.9,37734.0,41338.6,47654.8,50388.5,53851.1,58722.3,63767.6,68763.3
81,Guinea,GIN,0.0,0.0,0.0,0.0,0.0,0.0,0.0,0.0,0.0,0.0,0.0,0.0,0.0,0.0,0.0,0.0,0.0,0.0,0.0,0.0,0.0,0.0,0.0,0.0,0.0,0.0,1922.6,2041.5,2384.3,2432.0,2666.6,3014.9,3284.6,3279.1,3383.2,3693.8,3869.0,3783.8,3588.4,3461.3,2995.4,2833.4,2949.6,3446.4,3666.3,2937.1,4220.1,6281.7,6964.0,6716.8,6861.5,6785.2,7387.1,8376.7,8791.4,8767.1,8200.2
82,Guinea-Bissau,GNB,0.0,0.0,0.0,0.0,0.0,0.0,0.0,0.0,0.0,0.0,78.7,78.5,87.7,89.4,98.8,109.0,112.4,115.0,122.7,118.5,110.7,154.7,165.5,163.6,138.5,143.9,130.2,173.8,164.5,213.1,244.0,257.2,226.3,236.9,235.6,254.0,270.4,268.6,206.5,224.4,370.2,392.3,415.8,476.4,531.1,586.8,591.8,695.6,864.1,825.8,850.6,1099.4,989.9,1046.1,1055.2,1036.1,1164.9
83,Guyana,GUY,170.2,185.8,194.9,175.8,194.8,213.2,228.7,250.2,229.8,249.3,267.8,282.0,285.4,307.0,434.0,494.8,454.4,449.9,507.1,530.4,603.2,570.4,482.0,489.3,437.6,453.5,504.7,354.6,413.8,379.8,396.6,336.7,368.3,442.3,540.9,621.6,705.4,749.1,717.5,694.8,712.7,696.3,722.5,741.9,785.9,824.9,1458.4,1740.3,1922.6,2061.3,2273.2,2576.0,2861.6,2987.7,3077.6,3197.2,3502.4
84,Haiti,HTI,0.0,0.0,0.0,0.0,0.0,0.0,0.0,0.0,0.0,0.0,0.0,0.0,0.0,0.0,0.0,0.0,0.0,0.0,0.0,0.0,0.0,0.0,0.0,0.0,0.0,0.0,0.0,0.0,0.0,0.0,0.0,3473.6,2257.1,1878.3,2167.6,2813.3,2907.5,3338.9,3723.9,4153.7,3953.8,3596.4,3472.2,2960.3,3537.7,4310.4,4756.2,5885.3,6548.5,6584.6,6622.5,7516.8,7890.2,8452.5,8776.4,8724.7,8022.6
85,Honduras,HND,335.6,356.2,387.8,410.2,457.0,508.6,550.0,598.1,646.8,668.0,723.0,731.0,803.0,912.5,1034.5,1124.0,1348.0,1669.5,1929.5,2251.5,2566.0,2819.5,2903.5,3077.0,3319.0,3639.5,3808.5,4152.5,3970.4,3563.4,3048.9,3068.4,3419.5,3482.0,3432.4,3911.1,4034.0,4663.2,5202.2,5372.5,7103.5,7565.9,7775.1,8140.3,8772.2,9672.0,10841.7,12275.5,13789.7,14587.5,15839.3,17710.3,18528.5,18496.4,19756.5,20844.3,21516.9
86,"Hong Kong SAR, China",HKG,1320.8,1383.7,1612.3,1935.3,2206.5,2435.1,2489.8,2692.5,2717.0,3189.7,3800.8,4476.0,5710.1,8030.1,9388.7,10048.0,12876.4,15719.4,18315.0,22526.0,28861.8,31055.4,32291.3,29907.1,33511.4,35699.5,41075.6,50622.6,59707.4,68790.4,76928.3,88959.6,104272.0,120354.0,135812.0,144653.0,159717.0,177353.0,168886.0,165768.0,171668.0,169403.0,166349.0,161385.0,169100.0,181570.0,193536.0,211597.0,219280.0,214046.0,228638.0,248514.0,262629.0,275697.0,291459.0,309404.0,320914.0
87,Hungary,HUN,0.0,0.0,0.0,0.0,0.0,0.0,0.0,0.0,0.0,0.0,0.0,0.0,0.0,0.0,0.0,0.0,0.0,0.0,0.0,0.0,0.0,0.0,0.0,0.0,0.0,0.0,0.0,0.0,0.0,0.0,0.0,34748.5,38724.9,40119.1,43160.4,46418.9,46659.8,47290.2,48770.5,49170.4,47310.6,53821.3,67716.9,85324.8,104067.0,113035.0,115295.0,139851.0,157998.0,130594.0,130923.0,140782.0,127857.0,135216.0,140118.0,122879.0,125817.0
88,Iceland,ISL,248.4,253.9,284.9,340.1,434.3,523.7,628.9,621.2,474.4,414.7,531.0,675.7,846.5,1163.9,1527.6,1418.4,1683.1,2226.5,2532.3,2876.7,3409.0,3521.5,3232.8,2788.5,2887.8,3008.4,4022.2,5565.4,6156.5,5718.9,6521.5,6966.1,7138.8,6269.3,6441.6,7181.8,7502.0,7596.1,8468.3,8931.4,8946.1,8146.1,9199.6,11304.1,13703.3,16691.2,17043.2,21295.0,17640.4,12887.1,13254.8,14674.7,14218.6,15479.3,17179.0,16783.7,20047.4
89,India,IND,36535.9,38709.1,41599.1,47776.0,55726.9,58760.4,45253.6,49466.2,52377.3,57668.3,61589.8,66452.6,70509.9,84374.5,98198.3,97159.2,101347.0,119867.0,135469.0,150951.0,183840.0,190910.0,198038.0,215351.0,209328.0,229410.0,245665.0,275311.0,292633.0,292093.0,316697.0,266502.0,284364.0,275570.0,322910.0,355476.0,387656.0,410320.0,415731.0,452700.0,462147.0,478965.0,508069.0,599593.0,699689.0,808901.0,920317.0,1201110.0,1186950.0,1323940.0,1656620.0,1823050.0,1827640.0,1856720.0,2035390.0,2089870.0,2263790.0
90,Indonesia,IDN,0.0,0.0,0.0,0.0,0.0,0.0,0.0,6034.6,7534.5,8877.1,9743.0,9937.7,11709.4,17326.6,27472.5,32435.7,39681.5,48774.0,54786.3,54727.1,77173.9,91053.5,95994.1,86298.5,90346.0,90810.0,85129.2,80844.3,89756.6,100565.0,113011.0,124171.0,136314.0,168234.0,188342.0,215215.0,242086.0,229714.0,101623.0,149063.0,175702.0,170832.0,208325.0,249968.0,273461.0,304372.0,388168.0,460193.0,543254.0,574505.0,755094.0,892969.0,917870.0,912524.0,890815.0,861256.0,932259.0
91,Iran,IRN,4199.1,4426.9,4693.6,4928.6,5379.8,6197.3,6789.9,7555.4,8623.2,9743.1,10976.2,13731.8,17153.5,27081.7,46209.1,51776.2,68055.3,80600.1,77994.3,90391.9,94362.3,100499.0,125949.0,156365.0,162277.0,180184.0,209095.0,134010.0,123058.0,120496.0,124813.0,0.0,0.0,63743.6,71841.5,96419.2,120404.0,113919.0,110277.0,113848.0,109592.0,126879.0,128627.0,153545.0,190043.0,226452.0,266299.0,349882.0,406071.0,414059.0,487070.0,583500.0,598853.0,467415.0,434475.0,385874.0,418977.0
92,Iraq,IRQ,1684.1,1831.7,1954.6,1978.4,2340.5,0.0,0.0,0.0,2896.9,3008.1,3281.7,3865.3,4113.8,5134.4,11516.8,13458.5,17754.8,19838.1,23762.3,37816.5,53405.7,38425.0,42595.3,40595.0,46802.5,48285.0,47127.7,56609.8,62503.1,65641.4,179886.0,0.0,0.0,0.0,0.0,0.0,0.0,0.0,0.0,0.0,0.0,0.0,0.0,0.0,36627.9,49954.9,65140.3,88840.1,131614.0,111661.0,138517.0,185750.0,218001.0,234648.0,234648.0,179640.0,171489.0
93,Ireland,IRL,1939.3,2088.0,2260.3,2430.8,2766.6,2945.7,3104.0,3343.6,3278.6,3787.1,4401.3,5104.4,6325.6,7490.1,7906.3,9495.2,9465.1,11261.8,14665.5,18341.3,21773.9,20694.9,21500.5,20790.9,20130.7,21295.5,28749.0,33961.1,37818.1,39285.4,49364.7,49847.1,55985.5,52480.3,57166.0,69222.6,75880.6,82826.1,90082.0,98691.9,99853.5,109134.0,127945.0,164285.0,193870.0,211651.0,232086.0,269918.0,275020.0,236311.0,221951.0,239019.0,225572.0,239389.0,258099.0,290617.0,304819.0
94,Isle of Man,IMN,0.0,0.0,0.0,0.0,0.0,0.0,0.0,0.0,0.0,0.0,0.0,0.0,0.0,0.0,0.0,0.0,0.0,0.0,0.0,0.0,0.0,0.0,0.0,0.0,0.0,0.0,0.0,0.0,0.0,0.0,0.0,0.0,0.0,0.0,0.0,914.7,1023.1,1180.9,1382.5,1567.5,1563.7,1614.6,1897.6,2264.9,2758.1,2971.2,3344.4,5686.0,5827.5,5487.1,5920.2,6142.2,6433.4,6754.3,7428.3,6792.4,0.0
95,Israel,ISR,2598.5,3138.5,2510.0,2992.3,3405.3,3663.3,3980.0,4030.0,4619.0,5329.3,7045.7,6709.0,8771.5,11321.8,16334.2,15353.8,15176.9,17365.7,16836.2,21505.2,24154.6,25568.7,27826.1,31079.4,29148.5,27493.6,34083.5,40946.4,50078.8,49881.4,58987.0,67530.2,75575.9,75954.6,86307.1,100343.0,109957.0,114725.0,115979.0,117190.0,132339.0,130706.0,121069.0,126865.0,135445.0,142463.0,153967.0,178707.0,215840.0,207419.0,233610.0,261629.0,257297.0,292489.0,308417.0,299096.0,317745.0
96,Italy,ITA,40385.3,44842.8,50383.9,57710.7,63175.4,67978.2,73654.9,81133.1,87942.2,97085.1,113021.0,124261.0,144781.0,174913.0,198906.0,226945.0,223976.0,256747.0,314019.0,392379.0,475683.0,429282.0,425863.0,441581.0,436443.0,450726.0,638274.0,803055.0,888668.0,925598.0,1177330.0,1242110.0,1315810.0,1061450.0,1095590.0,1170790.0,1308930.0,1239050.0,1266310.0,1248560.0,1141760.0,1162320.0,1266510.0,1569650.0,1798310.0,1852660.0,1942630.0,2203050.0,2390730.0,2185160.0,2125060.0,2276290.0,2072820.0,2130490.0,2151730.0,1832350.0,1858910.0
97,Jamaica,JAM,699.1,748.0,777.7,826.7,897.9,972.1,1096.7,1148.0,1083.9,1191.3,1404.8,1539.9,1875.0,1905.9,2375.1,2860.4,2966.0,3249.7,2644.4,2425.0,2679.4,2979.1,3293.5,3619.3,2373.6,2100.2,2754.6,3287.0,3828.3,4405.0,4592.2,4071.2,3530.9,4859.8,4907.9,5779.3,6504.4,7450.3,8718.3,8795.8,8929.4,9087.9,9694.2,9399.5,10151.0,11204.4,11905.5,12824.1,13678.6,12038.8,13191.6,14439.9,14800.2,14275.0,13897.7,14186.9,14056.9
98,Japan,JPN,44307.3,53508.6,60723.0,69498.1,81749.0,90950.3,105628.0,123782.0,146601.0,172204.0,211514.0,238915.0,316393.0,429857.0,477156.0,518856.0,583143.0,717696.0,1008390.0,1049580.0,1099690.0,1215510.0,1129890.0,1232340.0,1309740.0,1400710.0,2075030.0,2514280.0,3050640.0,3052320.0,3139970.0,3578140.0,3897830.0,4466570.0,4907040.0,5449120.0,4833710.0,4414730.0,4032510.0,4562080.0,4887520.0,4303540.0,4115120.0,4445660.0,4815150.0,4755410.0,4530380.0,4515260.0,5037910.0,5231380.0,5700100.0,6157460.0,6203210.0,5155720.0,4848730.0,4383080.0,4940160.0
99,Jordan,JOR,0.0,0.0,0.0,0.0,0.0,599.8,658.1,631.8,561.2,699.0,639.6,678.2,788.6,943.7,1197.5,1363.0,1708.7,2096.6,2602.7,3271.7,3910.0,4384.7,4680.6,4920.4,4966.7,4993.8,6401.4,6755.6,6277.2,4220.9,4160.0,4344.3,5311.3,5605.8,6237.7,6727.4,6928.4,7246.2,7912.3,8149.1,8460.4,8975.7,9582.5,10195.7,11411.4,12588.7,15056.9,17110.6,21972.0,23820.2,26425.4,28840.3,30937.3,33593.8,35826.9,37517.4,38654.7
100,Kazakhstan,KAZ,0.0,0.0,0.0,0.0,0.0,0.0,0.0,0.0,0.0,0.0,0.0,0.0,0.0,0.0,0.0,0.0,0.0,0.0,0.0,0.0,0.0,0.0,0.0,0.0,0.0,0.0,0.0,0.0,0.0,0.0,26932.7,24881.1,24906.9,23409.0,21250.8,20374.3,21035.4,22165.9,22135.2,16870.8,18292.0,22152.7,24636.6,30833.7,43151.6,57123.7,81003.9,104850.0,133442.0,115309.0,148047.0,192627.0,207999.0,236635.0,221416.0,184388.0,137278.0
101,Kenya,KEN,791.3,793.0,868.1,926.6,998.8,997.9,1164.5,1232.6,1353.3,1458.4,1603.4,1778.4,2107.3,2502.1,2973.3,3259.3,3474.5,4494.4,5303.7,6234.4,7265.3,6854.5,6431.6,5979.2,6191.4,6135.0,7239.1,7970.8,8355.4,8283.1,8572.4,8151.5,8209.1,5751.8,7148.1,9046.3,12045.9,13115.8,14094.0,12896.0,12705.4,12986.0,13147.7,14904.5,16095.3,18737.9,25825.5,31958.2,35895.2,37021.5,39999.7,41953.4,50412.8,55097.3,61445.3,63767.5,70529.0
102,Kiribati,KIR,0.0,0.0,0.0,0.0,0.0,0.0,0.0,0.0,0.0,0.0,14.3,15.3,18.9,31.7,85.6,55.1,41.1,38.7,45.2,42.6,38.7,41.4,40.6,37.8,41.2,32.1,32.1,33.6,43.0,41.1,39.8,47.5,47.7,46.9,54.8,56.3,66.5,67.5,65.3,69.0,67.3,63.1,72.2,90.2,102.4,112.1,108.5,130.8,139.1,130.5,153.3,177.1,188.0,187.2,178.9,169.1,181.6
103,North Korea,PRK,0.0,0.0,0.0,0.0,0.0,0.0,0.0,0.0,0.0,0.0,0.0,0.0,0.0,0.0,0.0,0.0,0.0,0.0,0.0,0.0,0.0,0.0,0.0,0.0,0.0,0.0,0.0,0.0,0.0,0.0,0.0,0.0,0.0,0.0,0.0,0.0,0.0,0.0,0.0,0.0,0.0,0.0,0.0,0.0,0.0,0.0,0.0,0.0,0.0,0.0,0.0,0.0,0.0,0.0,0.0,0.0,0.0
104,South Korea,KOR,3957.9,2417.2,2813.9,3988.2,3458.5,3120.3,3928.2,4854.6,6117.3,7675.8,8999.2,9890.0,10842.2,13841.9,19482.0,21704.8,29779.3,38265.1,51700.6,66568.0,64980.8,72425.6,77773.4,87024.4,96597.4,100273.0,115537.0,146133.0,196964.0,243526.0,279349.0,325734.0,350051.0,386303.0,455603.0,556131.0,598099.0,557503.0,374241.0,485248.0,561633.0,533052.0,609020.0,680521.0,764881.0,898137.0,1011800.0,1122680.0,1002220.0,901935.0,1094500.0,1202460.0,1222810.0,1305600.0,1411330.0,1382760.0,1411250.0
105,Kosovo,XKX,0.0,0.0,0.0,0.0,0.0,0.0,0.0,0.0,0.0,0.0,0.0,0.0,0.0,0.0,0.0,0.0,0.0,0.0,0.0,0.0,0.0,0.0,0.0,0.0,0.0,0.0,0.0,0.0,0.0,0.0,0.0,0.0,0.0,0.0,0.0,0.0,0.0,0.0,0.0,0.0,1849.2,2535.3,2702.4,3355.1,3639.9,3736.6,4078.2,4833.6,5687.5,5653.8,5829.9,6649.3,6473.7,7072.1,7386.9,6440.5,6649.9
106,Kuwait,KWT,0.0,0.0,0.0,0.0,0.0,2097.5,2391.5,2441.9,2663.1,2769.5,2874.0,3880.4,4451.2,5408.3,13004.8,12024.1,13131.7,14135.7,15500.9,24746.0,28638.6,25056.7,21578.0,20869.4,21697.3,21442.6,17903.7,22365.7,20692.5,24312.1,18427.8,11008.8,19858.6,23941.4,24848.5,27191.7,31494.0,30354.4,25941.9,30121.9,37711.9,34890.8,38137.5,47875.8,59440.1,80797.9,101551.0,114641.0,147396.0,105900.0,115419.0,154028.0,174070.0,174161.0,162632.0,114567.0,110876.0
107,Kyrgyzstan,KGZ,0.0,0.0,0.0,0.0,0.0,0.0,0.0,0.0,0.0,0.0,0.0,0.0,0.0,0.0,0.0,0.0,0.0,0.0,0.0,0.0,0.0,0.0,0.0,0.0,0.0,0.0,0.0,0.0,0.0,0.0,2674.0,2570.8,2316.6,2028.3,1681.0,1661.0,1827.6,1767.9,1646.0,1249.1,1369.7,1525.1,1605.6,1919.0,2211.5,2460.2,2834.2,3802.6,5140.0,4690.1,4794.4,6197.8,6605.1,7335.0,7468.1,6678.2,6551.3
108,Laos,LAO,0.0,0.0,0.0,0.0,0.0,0.0,0.0,0.0,0.0,0.0,0.0,0.0,0.0,0.0,0.0,0.0,0.0,0.0,0.0,0.0,0.0,0.0,0.0,0.0,1757.1,2366.7,1776.8,1087.3,599.0,714.0,865.6,1028.1,1127.8,1327.7,1543.6,1763.5,1873.7,1747.0,1280.2,1454.4,1731.2,1768.6,1758.2,2023.3,2366.4,2735.6,3452.9,4223.0,5443.9,5832.9,7127.8,8261.3,10191.4,11942.2,13268.5,14390.4,15903.3
109,Latvia,LVA,0.0,0.0,0.0,0.0,0.0,0.0,0.0,0.0,0.0,0.0,0.0,0.0,0.0,0.0,0.0,0.0,0.0,0.0,0.0,0.0,0.0,0.0,0.0,0.0,0.0,0.0,0.0,0.0,0.0,0.0,0.0,0.0,0.0,0.0,0.0,5788.4,5970.0,6525.7,7175.0,7533.2,7937.8,8350.3,9546.4,11748.4,14373.3,16922.5,21447.0,30901.4,35596.0,26169.9,23757.4,28223.6,28120.0,30314.4,31419.1,27009.2,27572.7
110,Lebanon,LBN,0.0,0.0,0.0,0.0,0.0,0.0,0.0,0.0,0.0,0.0,0.0,0.0,0.0,0.0,0.0,0.0,0.0,0.0,0.0,0.0,0.0,0.0,0.0,0.0,0.0,0.0,0.0,0.0,3313.5,2718.0,2838.5,4451.5,5545.9,7535.3,9599.1,11718.8,13690.2,15751.9,17247.2,17391.1,17260.4,17649.8,19152.2,20082.9,20955.2,21287.6,21796.4,24577.1,29227.4,35477.1,38419.6,40075.7,43868.6,46014.2,47833.4,49459.3,49598.8
111,Lesotho,LSO,34.6,35.7,41.9,47.0,51.9,54.9,56.7,59.3,61.4,66.0,68.7,76.5,80.9,121.2,150.8,149.6,147.7,193.3,266.6,290.1,431.6,434.2,348.7,386.7,333.2,268.6,318.9,402.8,470.4,495.4,596.4,704.3,831.0,835.6,878.3,1001.9,946.1,998.0,928.5,912.8,887.3,825.7,775.8,1157.8,1511.2,1682.4,1800.1,1820.8,1870.7,1866.0,2386.0,2788.0,2678.5,2526.0,2614.6,2505.9,2291.3
112,Liberia,LBR,190.5,183.9,191.9,200.2,218.9,229.3,244.5,261.0,276.8,307.0,323.1,341.5,368.1,387.0,487.0,577.5,596.7,673.0,717.2,814.1,854.7,846.5,863.9,823.4,848.5,851.3,841.0,972.8,1038.3,786.3,384.4,348.0,223.5,160.4,132.2,134.8,159.4,295.9,359.6,441.8,529.1,521.0,543.0,416.0,474.7,550.0,604.0,739.0,850.0,1155.1,1292.7,1545.4,1735.5,1946.5,2013.0,2034.0,2101.0
113,Libya,LBY,0.0,0.0,0.0,0.0,0.0,0.0,0.0,0.0,0.0,0.0,0.0,0.0,0.0,0.0,0.0,0.0,0.0,0.0,0.0,0.0,0.0,0.0,0.0,0.0,0.0,0.0,0.0,0.0,0.0,0.0,28901.8,31995.0,33881.4,30657.0,28607.9,25544.1,27884.6,30698.6,27249.8,35976.7,38270.2,34110.1,20481.9,26265.6,33122.3,47334.1,54961.9,67516.2,87140.4,63028.3,74773.4,34699.4,0.0,0.0,0.0,0.0,0.0
114,Liechtenstein,LIE,0.0,0.0,0.0,0.0,0.0,0.0,0.0,0.0,0.0,0.0,90.1,104.9,124.9,165.9,194.0,246.4,272.5,303.5,436.9,503.2,534.7,511.7,522.1,524.0,502.6,529.1,779.4,1052.8,1161.8,1120.0,1421.5,1484.2,1631.2,1673.1,1948.1,2428.5,2504.0,2298.4,2479.7,2664.0,2484.0,2491.8,2688.6,3070.7,3454.4,3659.3,4000.2,4601.3,5081.4,4504.5,5082.4,5740.0,5456.0,6391.7,6657.2,6289.2,0.0
115,Lithuania,LTU,0.0,0.0,0.0,0.0,0.0,0.0,0.0,0.0,0.0,0.0,0.0,0.0,0.0,0.0,0.0,0.0,0.0,0.0,0.0,0.0,0.0,0.0,0.0,0.0,0.0,0.0,0.0,0.0,0.0,0.0,0.0,0.0,0.0,0.0,0.0,7870.8,8385.1,10120.3,11240.4,10972.9,11539.2,12252.5,14278.4,18802.6,22649.9,26125.6,30216.1,39738.2,47850.6,37440.7,37120.5,43476.9,42847.9,46473.6,48545.3,41402.0,42738.9
116,Luxembourg,LUX,703.9,704.1,741.5,791.1,903.2,921.6,968.4,974.7,1066.4,1234.9,1509.2,1572.3,1968.7,2701.9,3295.9,3233.4,3544.3,3922.9,4884.9,5711.5,6232.0,5231.8,4764.5,4683.7,4594.9,4738.6,6921.3,8614.2,9750.2,10391.5,13229.2,14321.9,16065.7,16486.9,18325.8,21588.2,21776.6,19731.9,20209.1,22235.9,21263.5,21272.4,23616.3,29557.3,34685.3,37347.4,42414.3,50888.1,55849.7,51370.5,53212.5,60004.6,56678.0,61739.4,66327.3,57784.5,58631.3
117,"Macao SAR, China",MAC,0.0,0.0,0.0,0.0,0.0,0.0,0.0,0.0,0.0,0.0,0.0,0.0,0.0,0.0,0.0,0.0,0.0,0.0,0.0,0.0,0.0,0.0,1130.5,1121.5,1292.3,1348.8,1517.5,1941.2,2269.2,2683.3,3220.9,3735.1,4879.0,5625.5,6265.8,6996.0,7122.5,7211.3,6742.4,6490.6,6720.5,6811.2,7322.7,8195.0,10585.6,12092.2,14789.7,18340.4,20917.4,21475.5,28123.6,36709.9,43031.6,51552.1,55348.0,45415.3,44802.6
118,Macedonia,MKD,0.0,0.0,0.0,0.0,0.0,0.0,0.0,0.0,0.0,0.0,0.0,0.0,0.0,0.0,0.0,0.0,0.0,0.0,0.0,0.0,0.0,0.0,0.0,0.0,0.0,0.0,0.0,0.0,0.0,0.0,4471.8,4694.7,2316.6,2550.2,3381.3,4449.4,4422.2,3735.3,3571.0,3673.3,3772.9,3709.6,4018.4,4946.3,5682.7,6258.6,6861.2,8336.5,9909.5,9401.7,9407.2,10494.6,9745.3,10817.7,11362.3,10051.7,10899.6
119,Madagascar,MDG,673.1,699.2,739.3,759.3,802.5,833.6,900.3,956.4,1031.7,1056.4,1111.9,1199.5,1341.6,1653.1,1917.5,2283.0,2181.8,2358.9,2669.8,3463.6,4042.1,3594.9,3526.2,3511.6,2939.5,2857.9,3258.3,2565.6,2442.5,2498.1,3081.5,2653.1,3024.5,3370.8,2977.0,3159.9,3995.0,3545.8,3738.7,3717.5,3877.7,4529.6,4397.3,5474.0,4363.9,5039.3,5515.9,7342.9,9413.0,8550.4,8729.9,9892.7,9919.8,10601.7,10673.5,9744.2,10001.2
120,Malawi,MWI,163.0,174.6,183.1,190.8,194.7,229.5,260.4,269.8,245.2,265.8,290.5,365.4,406.1,444.3,548.6,613.2,670.3,806.3,949.0,1058.3,1237.7,1237.7,1180.1,1223.2,1208.0,1131.3,1183.7,1183.1,1379.9,1590.2,1880.8,2203.5,1799.5,2070.6,1181.8,1397.5,2281.0,2663.2,1750.6,1775.9,1743.5,1716.5,3495.7,3208.8,3476.1,3655.9,3997.9,4432.2,5320.9,6191.0,6959.7,8003.3,6028.5,5518.9,6054.8,6373.2,5433.0
121,Malaysia,MYS,1916.2,1901.9,2001.5,2510.1,2674.4,2956.4,3143.5,3188.9,3330.4,3664.6,3864.2,4244.3,5043.3,7663.0,9496.1,9298.8,11050.1,13139.4,16358.4,21213.7,24488.0,25004.6,26804.4,30346.8,33943.5,31200.2,27734.6,32181.7,35271.9,38848.6,44024.2,49142.8,59167.2,66894.4,74478.0,88704.9,100855.0,100005.0,72167.8,79148.9,93789.7,92783.9,100845.0,110202.0,124750.0,143534.0,162691.0,193548.0,230814.0,202258.0,255017.0,297952.0,314443.0,323277.0,338062.0,296434.0,296536.0
122,Maldives,MDV,0.0,0.0,0.0,0.0,0.0,0.0,0.0,0.0,0.0,0.0,0.0,0.0,0.0,0.0,0.0,0.0,0.0,0.0,0.0,0.0,42.5,44.8,47.9,57.8,109.5,127.2,141.9,141.3,168.6,189.5,215.1,244.5,284.9,322.3,355.9,399.0,450.4,508.2,540.1,589.2,624.3,870.2,897.0,1052.1,1226.8,1163.4,1575.2,1868.4,2271.6,2345.3,2588.2,2774.4,2886.2,3295.0,3697.4,4006.5,4224.2
123,Mali,MLI,0.0,0.0,0.0,0.0,0.0,0.0,0.0,275.5,343.8,339.9,359.8,430.1,486.6,563.7,538.7,830.7,939.2,1049.8,1222.7,1595.4,1759.7,1539.0,1333.8,1297.8,1232.9,1392.2,1852.2,2090.6,2169.0,2181.8,2681.9,2724.1,2830.7,2818.3,2081.8,2706.4,2780.4,2697.1,2920.4,3439.5,2954.1,3465.3,3889.8,4703.5,5444.5,6245.0,6899.8,8145.7,9750.8,10181.0,10678.7,12978.1,12442.7,13246.4,14388.4,13100.1,14035.0
124,Malta,MLT,0.0,0.0,0.0,0.0,0.0,0.0,0.0,0.0,0.0,0.0,250.7,264.6,295.1,345.6,376.1,474.6,527.9,625.6,793.7,1001.3,1250.2,1243.5,1234.5,1165.8,1101.8,1117.8,1435.1,1751.2,2019.5,2118.6,2547.2,2750.0,3021.9,2709.2,2998.6,3439.9,3570.3,3705.4,3923.6,4127.3,4306.2,4331.9,4689.8,5456.6,6062.8,6394.9,6757.1,7880.5,8977.1,8528.2,8741.1,9504.8,9203.7,10145.9,11217.8,10285.5,10999.0
125,Marshall Islands,MHL,0.0,0.0,0.0,0.0,0.0,0.0,0.0,0.0,0.0,0.0,0.0,0.0,0.0,0.0,0.0,0.0,0.0,0.0,0.0,0.0,0.0,31.0,34.9,41.7,45.1,43.9,56.0,63.0,70.7,72.8,78.5,82.5,91.1,99.5,108.1,120.2,110.9,106.3,108.7,108.0,110.9,115.2,124.7,126.9,131.3,137.9,143.9,150.8,152.8,152.6,165.0,173.3,185.2,190.8,183.1,179.7,194.5
126,Mauritania,MRT,92.6,107.7,111.1,113.8,151.9,172.8,180.3,191.2,210.7,199.6,209.3,227.1,265.0,333.7,414.8,475.9,524.4,540.6,544.4,644.1,709.0,748.0,750.2,788.4,726.9,683.2,802.9,909.8,957.4,981.5,1019.6,1443.7,1464.4,1249.9,1315.9,1415.3,1442.6,1401.9,1375.1,1405.7,1293.7,1295.5,1324.4,1563.1,1833.4,2184.4,3040.7,3356.8,3978.4,3670.5,4343.7,5179.7,5225.5,5724.2,5391.5,4844.2,4739.3
127,Mauritius,MUS,0.0,0.0,0.0,0.0,0.0,0.0,0.0,0.0,0.0,0.0,0.0,0.0,0.0,0.0,0.0,0.0,707.0,827.1,1019.6,1216.2,1136.5,1147.2,1082.9,1094.9,1044.9,1080.6,1469.0,1888.8,2143.5,2191.1,2653.5,2856.9,3224.3,3263.4,3558.1,4040.3,4421.9,4187.4,4169.7,4291.2,4582.6,4536.5,4767.3,5609.8,6385.7,6283.8,7028.8,8150.1,9990.4,9128.8,10003.7,11518.4,11668.7,12129.6,12803.4,11692.3,12168.4
128,Mexico,MEX,13056.2,14154.0,15221.1,16936.3,20070.1,21829.7,24337.2,26556.4,29363.6,32515.8,35541.7,39200.9,45178.1,55271.3,71976.5,88004.0,89023.9,81825.8,102517.0,134540.0,194357.0,250083.0,173721.0,148867.0,175632.0,184473.0,129440.0,140264.0,183144.0,222977.0,262710.0,314454.0,363609.0,503963.0,527319.0,343793.0,397404.0,480555.0,502010.0,579460.0,683648.0,724704.0,741560.0,713284.0,770268.0,866346.0,965281.0,1043470.0,1101280.0,894949.0,1051130.0,1171190.0,1186600.0,1261980.0,1298460.0,1152260.0,1046920.0
129,Micronesia,FSM,0.0,0.0,0.0,0.0,0.0,0.0,0.0,0.0,0.0,0.0,0.0,0.0,0.0,0.0,0.0,0.0,0.0,0.0,0.0,0.0,0.0,0.0,0.0,106.5,0.0,0.0,112.2,116.7,124.7,135.2,147.2,166.2,178.1,198.4,202.5,222.1,218.8,206.9,219.6,220.7,233.2,240.1,241.5,245.3,240.1,250.1,253.4,256.5,262.9,280.0,296.5,310.5,326.1,316.0,318.0,315.2,329.9
130,Moldova,MDA,0.0,0.0,0.0,0.0,0.0,0.0,0.0,0.0,0.0,0.0,0.0,0.0,0.0,0.0,0.0,0.0,0.0,0.0,0.0,0.0,0.0,0.0,0.0,0.0,0.0,0.0,0.0,0.0,0.0,0.0,0.0,0.0,0.0,0.0,0.0,1753.0,1695.1,1930.1,1639.5,1170.8,1288.4,1480.7,1661.8,1980.9,2598.2,2988.3,3408.3,4401.2,6054.8,5439.4,5811.6,7015.2,7284.7,7985.3,7983.3,6512.9,6749.5
131,Monaco,MCO,0.0,0.0,0.0,0.0,0.0,0.0,0.0,0.0,0.0,0.0,293.1,327.7,402.5,523.6,563.9,711.9,735.3,811.3,1000.5,1209.9,1378.1,1205.2,1143.2,1092.6,1037.3,1082.9,1515.2,1839.1,2000.7,2010.1,2481.3,2480.5,2737.1,2574.4,2720.3,3130.3,3137.8,2840.2,2934.6,2906.0,2647.9,2671.4,2906.0,3589.0,4110.3,4280.1,4663.5,5974.4,6919.2,5557.2,5350.7,6074.9,0.0,0.0,0.0,0.0,0.0
132,Mongolia,MNG,0.0,0.0,0.0,0.0,0.0,0.0,0.0,0.0,0.0,0.0,0.0,0.0,0.0,0.0,0.0,0.0,0.0,0.0,0.0,0.0,0.0,2310.1,2552.4,2725.7,2098.7,2186.5,2896.2,3020.6,3204.5,3577.0,2560.8,2379.0,1317.6,768.4,925.8,1452.2,1345.7,1180.9,1124.4,1057.4,1136.9,1268.0,1396.6,1595.3,1992.1,2523.5,3414.1,4235.0,5623.2,4583.9,7189.5,10409.8,12292.8,12582.1,12226.5,11749.6,11183.5
133,Montenegro,MNE,0.0,0.0,0.0,0.0,0.0,0.0,0.0,0.0,0.0,0.0,0.0,0.0,0.0,0.0,0.0,0.0,0.0,0.0,0.0,0.0,0.0,0.0,0.0,0.0,0.0,0.0,0.0,0.0,0.0,0.0,0.0,0.0,0.0,0.0,0.0,0.0,0.0,0.0,0.0,0.0,984.3,1159.9,1284.4,1707.7,2073.3,2257.2,2696.0,3668.9,4545.7,4159.3,4139.2,4538.2,4087.7,4464.3,4587.9,4052.9,4374.1
134,Morocco,MAR,2037.2,2025.7,2379.6,2657.2,2798.3,2948.3,2876.4,3046.3,3271.4,3651.6,3956.3,4356.6,5074.1,6242.2,7675.4,8984.8,9584.3,11049.9,13236.9,15912.1,21728.8,17788.2,17692.3,16251.5,14824.7,14991.3,19462.2,21765.3,25705.3,26314.2,30180.1,32285.4,33711.1,31655.5,35604.1,39030.3,43161.5,39147.8,41806.2,41632.0,38857.3,39459.6,42236.8,52064.1,59626.0,62343.0,68640.8,79041.3,92507.3,92897.3,93216.7,101370.0,98266.3,106826.0,110081.0,101187.0,103606.0
135,Mozambique,MOZ,0.0,0.0,0.0,0.0,0.0,0.0,0.0,0.0,0.0,0.0,0.0,0.0,0.0,0.0,0.0,0.0,0.0,0.0,0.0,0.0,3526.3,3537.1,3612.2,3236.4,3376.2,4456.2,5247.2,2354.1,2093.6,2314.2,2512.1,3263.8,2291.2,2394.8,2460.7,2521.7,3523.8,4227.3,4873.2,5302.5,5016.5,4766.9,5031.5,5597.4,6831.8,7723.8,8312.1,9366.7,11494.8,10911.7,10154.2,13131.2,14534.3,16018.8,16961.1,14798.4,11014.9
136,Myanmar,MMR,0.0,0.0,0.0,0.0,0.0,0.0,0.0,0.0,0.0,0.0,0.0,0.0,0.0,0.0,0.0,0.0,0.0,0.0,0.0,0.0,0.0,0.0,0.0,0.0,0.0,0.0,0.0,0.0,0.0,0.0,0.0,0.0,0.0,0.0,0.0,0.0,0.0,0.0,0.0,0.0,8905.1,6477.8,6777.6,10467.1,10567.4,11987.0,14502.6,20182.5,31862.6,36906.2,49540.8,59977.3,59937.8,60269.7,65446.4,59687.4,63225.1
137,Namibia,NAM,0.0,0.0,0.0,0.0,0.0,0.0,0.0,0.0,0.0,0.0,0.0,0.0,0.0,0.0,0.0,0.0,0.0,0.0,0.0,0.0,2434.9,2259.2,2128.1,2308.1,1960.6,1615.8,1816.8,2310.5,2506.6,2547.3,2804.4,3012.7,3448.3,3218.5,3636.6,3942.5,3945.3,4102.6,3826.5,3819.0,3908.7,3546.8,3361.3,4931.3,6606.9,7261.3,7978.7,8740.9,8486.7,8876.2,11282.2,12409.6,13016.3,12717.8,12786.1,11571.1,10947.9
138,Nauru,NRU,0.0,0.0,0.0,0.0,0.0,0.0,0.0,0.0,0.0,0.0,0.0,0.0,0.0,0.0,0.0,0.0,0.0,0.0,0.0,0.0,0.0,0.0,0.0,0.0,0.0,0.0,0.0,0.0,0.0,0.0,0.0,0.0,0.0,0.0,0.0,0.0,0.0,0.0,0.0,0.0,0.0,0.0,0.0,0.0,0.0,0.0,0.0,20.4,39.3,44.3,49.2,72.8,103.8,108.6,117.0,100.5,102.1
139,Nepal,NPL,508.3,532.0,574.1,496.9,496.1,735.3,906.8,842.0,772.2,788.6,866.0,882.8,1024.1,972.1,1218.0,1575.8,1452.8,1382.4,1604.2,1851.3,1945.9,2275.6,2395.4,2447.2,2581.2,2619.9,2850.8,2957.3,3487.0,3525.2,3627.6,3921.5,3401.2,3660.0,4066.8,4401.1,4521.6,4918.7,4856.3,5033.6,5494.3,6007.1,6050.9,6330.5,7273.9,8130.3,9043.7,10325.6,12545.4,12855.0,16002.7,18913.6,18851.5,19271.2,20003.0,21410.8,21132.0
140,Netherlands,NLD,12276.7,13493.8,14647.1,15891.2,18699.4,21000.6,22867.2,25087.6,27817.6,31503.9,37677.6,44010.2,54008.3,70924.0,86129.9,98970.0,107775.0,125396.0,153870.0,177376.0,192661.0,162039.0,156457.0,151487.0,142076.0,142010.0,198298.0,241919.0,258568.0,255040.0,314268.0,323320.0,358330.0,349038.0,374291.0,446529.0,445705.0,412199.0,432476.0,441975.0,412807.0,426574.0,465369.0,571863.0,650533.0,678534.0,726649.0,839420.0,936228.0,857933.0,836390.0,893757.0,828947.0,866680.0,879635.0,757999.0,777228.0
141,New Caledonia,NCL,0.0,0.0,0.0,0.0,0.0,159.6,164.2,180.0,215.5,263.1,358.8,413.6,505.9,542.3,637.4,816.6,798.3,837.6,846.0,1047.2,1182.5,972.6,904.6,823.8,796.0,854.8,1201.3,1488.1,2072.7,2185.1,2529.3,2653.8,2923.8,3070.2,3038.7,3628.4,3607.0,3291.5,3158.8,3057.0,2682.3,0.0,0.0,0.0,0.0,0.0,0.0,0.0,0.0,0.0,0.0,0.0,0.0,0.0,0.0,0.0,0.0
142,New Zealand,NZL,5485.9,5670.1,6077.5,6638.9,7274.1,5654.5,5863.7,5961.4,5180.6,5761.6,0.0,7912.3,9567.3,12802.3,13941.0,12862.0,13604.8,15446.8,18530.5,20730.2,23245.5,24417.6,24164.6,24308.6,21665.5,24680.3,30605.2,40377.6,45176.2,43920.2,45495.7,42745.3,41649.3,46775.1,55315.3,63918.7,70140.8,66074.5,56227.2,58761.7,52623.3,53872.4,66628.2,88250.9,103906.0,114719.0,111607.0,137315.0,133280.0,121337.0,146581.0,168462.0,176193.0,190521.0,200696.0,175563.0,184969.0
143,Nicaragua,NIC,0.0,0.0,0.0,0.0,0.0,0.0,0.0,0.0,0.0,0.0,0.0,0.0,0.0,0.0,0.0,0.0,0.0,0.0,0.0,0.0,0.0,0.0,0.0,0.0,0.0,0.0,0.0,0.0,0.0,1020.0,1009.5,1488.8,1792.8,1756.5,3863.2,4140.5,4308.4,4390.0,4635.3,4855.7,5107.3,5323.1,5224.2,5322.5,5795.6,6321.3,6763.7,7423.4,8497.0,8298.7,8758.6,9774.3,10532.0,10983.0,11880.4,12747.7,13230.8
144,Niger,NER,449.5,485.8,531.7,586.3,582.8,673.4,702.3,665.6,641.2,625.9,649.9,693.6,742.8,946.4,1026.1,1048.7,1064.5,1291.5,1774.4,2109.3,2508.5,2170.9,2017.6,1803.1,1461.2,1440.6,1904.1,2233.0,2280.4,2179.6,2480.7,2328.0,2345.0,1606.6,1563.2,1880.8,1987.8,1845.6,2076.7,2018.2,1798.4,1945.3,2170.5,2731.4,3052.9,3405.1,3646.7,4291.4,5403.4,5397.1,5718.6,6409.2,6942.2,7668.0,8229.7,7217.7,7528.4
145,Nigeria,NGA,4196.1,4467.2,4909.3,5165.5,5552.8,5874.4,6366.8,5203.1,5200.9,6634.2,12545.8,9181.8,12274.4,15162.9,24846.6,27778.9,36308.9,36035.4,36527.9,47259.9,64201.8,61076.5,51397.5,35451.6,28500.8,28874.0,20721.5,24093.2,23272.2,24231.2,30757.1,27392.9,29300.9,15789.0,18086.4,28547.0,34988.0,35822.3,32004.6,35870.8,46386.0,44138.0,59116.8,67655.8,87845.4,112248.0,145430.0,166451.0,208065.0,169481.0,369062.0,411744.0,460954.0,514966.0,568499.0,481066.0,404653.0
146,Northern Mariana Islands,MNP,0.0,0.0,0.0,0.0,0.0,0.0,0.0,0.0,0.0,0.0,0.0,0.0,0.0,0.0,0.0,0.0,0.0,0.0,0.0,0.0,0.0,0.0,0.0,0.0,0.0,0.0,0.0,0.0,0.0,0.0,0.0,0.0,0.0,0.0,0.0,0.0,0.0,0.0,0.0,0.0,0.0,0.0,1284.0,1239.0,1210.0,1061.0,990.0,938.0,939.0,795.0,799.0,733.0,751.0,784.0,845.0,933.0,1242.0
147,Norway,NOR,5163.3,5632.5,6067.0,6510.2,7159.2,8058.7,8696.5,9514.5,10159.9,11063.1,12814.1,14583.1,17358.6,22534.3,27145.7,32877.8,35942.3,41508.0,46523.1,53132.2,64439.4,63596.7,62647.2,61627.2,62058.0,65416.9,78693.3,94230.1,101900.0,102634.0,119792.0,121872.0,130838.0,120579.0,127131.0,152027.0,163518.0,161354.0,154165.0,162286.0,171316.0,174003.0,195418.0,228752.0,264357.0,308722.0,345425.0,401083.0,462554.0,386622.0,429131.0,498832.0,510229.0,523502.0,499339.0,386663.0,371076.0
148,Not classified,INX,0.0,0.0,0.0,0.0,0.0,0.0,0.0,0.0,0.0,0.0,0.0,0.0,0.0,0.0,0.0,0.0,0.0,0.0,0.0,0.0,0.0,0.0,0.0,0.0,0.0,0.0,0.0,0.0,0.0,0.0,0.0,0.0,0.0,0.0,0.0,0.0,0.0,0.0,0.0,0.0,0.0,0.0,0.0,0.0,0.0,0.0,0.0,0.0,0.0,0.0,0.0,0.0,0.0,0.0,0.0,0.0,0.0
149,Oman,OMN,0.0,0.0,0.0,0.0,0.0,63.3,67.8,107.2,188.9,240.0,256.3,301.0,366.9,483.0,1645.9,2096.7,2560.2,2741.2,2740.3,3733.4,5981.8,7259.1,7554.7,7932.5,8821.4,10005.5,7323.8,7811.2,8386.2,9372.2,11685.0,11341.5,12452.3,12493.1,12918.9,13802.6,15277.8,15837.5,14085.4,15710.1,19507.4,19452.0,20142.8,21633.8,24763.6,31081.9,37215.9,42085.3,60905.3,48388.3,58641.6,67937.3,76689.6,78938.6,81034.4,69831.8,66293.4
150,Pakistan,PAK,3707.1,4054.6,4233.1,4540.5,5130.4,5884.7,6466.6,7403.8,8090.1,8632.9,10027.1,10602.1,9309.1,6324.9,8773.0,11340.0,13338.5,15126.1,17820.1,19708.0,23689.7,28100.6,30726.0,28691.9,31151.8,31144.9,31899.1,33351.5,38472.7,40171.0,40010.4,45452.0,48635.2,51478.3,51894.8,60636.0,63320.1,62433.3,62192.0,62973.9,73952.4,72309.7,72306.8,83244.8,97977.8,109502.0,137264.0,152386.0,170078.0,168153.0,177407.0,213587.0,224384.0,231219.0,244361.0,270556.0,278913.0
151,Palau,PLW,0.0,0.0,0.0,0.0,0.0,0.0,0.0,0.0,0.0,0.0,0.0,0.0,0.0,0.0,0.0,0.0,0.0,0.0,0.0,0.0,0.0,0.0,0.0,0.0,0.0,0.0,0.0,0.0,0.0,0.0,76.9,83.9,82.5,75.9,83.5,95.2,108.2,113.2,117.3,113.5,147.8,158.2,161.6,158.0,173.4,191.3,193.1,194.8,196.7,186.9,183.3,200.1,215.1,228.0,246.4,297.6,310.2
152,Panama,PAN,537.1,599.0,652.1,722.8,776.1,852.5,928.8,1034.4,1112.8,1221.3,1351.0,1523.9,1673.4,1913.8,2188.3,2435.3,2588.1,2738.3,3244.6,3704.6,4614.1,5222.4,5769.8,5923.8,6183.4,6541.5,6797.8,6827.7,5902.8,5918.5,6434.0,7074.7,8042.3,8782.6,9365.3,9573.8,9870.5,10677.3,11575.5,12130.3,12304.1,12502.0,12994.3,13694.0,15013.4,16374.4,18141.7,20958.0,24522.2,26593.5,28917.2,34373.8,39954.8,44856.2,49165.8,52132.3,55187.7
153,Papua New Guinea,PNG,230.5,244.8,261.2,276.0,305.3,344.2,391.0,441.7,485.2,551.2,645.5,717.7,858.8,1299.1,1467.3,1356.6,1511.9,1640.8,1947.9,2293.6,2546.0,2498.1,2368.6,2562.5,2552.5,2423.4,2648.0,3143.8,3656.0,3546.5,3219.7,3787.4,4378.0,4974.7,5502.6,4636.1,5155.5,4936.6,3789.4,3477.1,3521.3,3081.0,2999.5,3536.4,3927.2,4865.9,8306.3,9545.1,11670.7,11619.5,14250.7,17984.8,21295.8,21261.3,23003.6,21060.9,20213.2
154,Paraguay,PRY,0.0,0.0,0.0,0.0,0.0,400.1,421.7,451.5,477.0,512.7,548.8,609.0,697.3,889.4,1199.6,1351.9,1540.8,1912.4,2350.3,3135.1,4094.8,5219.5,5067.5,5237.4,4067.2,2966.2,3439.7,3778.3,4082.6,4600.0,5695.2,6984.4,7157.4,7249.5,7871.0,9062.1,9788.4,9965.2,9024.6,8392.5,8196.0,7662.6,6325.2,6588.1,8033.9,8734.7,10646.2,13794.9,18504.1,15929.9,20030.5,25099.7,24595.3,28965.9,30881.2,27282.6,27424.1
155,Peru,PER,2571.9,2899.7,3286.8,3601.0,4356.9,5166.9,6113.6,6204.3,5736.1,6420.9,7432.2,8289.6,9189.4,10994.4,13858.4,16877.2,15947.7,14620.4,12495.8,15962.5,18134.0,21649.1,21793.5,17345.6,17599.7,16548.8,15244.2,20702.3,15439.4,22499.6,26410.4,34672.1,36139.2,35158.1,44882.1,53312.8,55252.4,58147.5,55501.5,50187.3,51744.7,52030.2,54777.6,58731.0,66768.7,76060.6,88643.2,102171.0,120551.0,120823.0,147529.0,171762.0,192649.0,201218.0,201050.0,189212.0,192207.0
156,Philippines,PHL,6684.6,7257.0,4399.8,4875.3,5271.4,5784.4,6371.5,6809.1,7591.6,8408.2,6687.2,7408.3,8017.5,10082.9,13781.1,14894.0,17097.6,19648.1,22706.2,27502.2,32450.5,35646.4,37140.2,33212.2,31408.5,30734.3,29868.3,33195.9,37885.4,42575.2,44311.6,45417.6,52976.3,54368.1,64084.5,74120.0,82848.1,82344.3,72207.0,82995.1,81026.3,76262.1,81357.6,83908.2,91371.2,103072.0,122211.0,149360.0,174195.0,168335.0,199591.0,224143.0,250092.0,271836.0,284585.0,292774.0,304905.0
157,Poland,POL,0.0,0.0,0.0,0.0,0.0,0.0,0.0,0.0,0.0,0.0,0.0,0.0,0.0,0.0,0.0,0.0,0.0,0.0,0.0,0.0,0.0,0.0,0.0,0.0,0.0,0.0,0.0,0.0,0.0,0.0,65977.7,85500.9,94337.1,96045.6,110803.0,142137.0,159943.0,159118.0,174388.0,169718.0,171886.0,190521.0,198681.0,217519.0,255102.0,306135.0,344826.0,429250.0,533816.0,440347.0,479258.0,528725.0,500284.0,524201.0,545076.0,477280.0,471364.0
158,Portugal,PRT,3193.2,3417.5,3668.2,3905.7,4235.6,4687.5,5135.4,5740.2,6354.3,6969.0,8109.0,9202.5,11240.2,15092.1,17514.1,19349.5,20334.8,21441.6,23489.9,26625.4,32899.8,31980.4,30530.8,27242.3,25220.5,27118.5,38749.7,48187.7,56352.8,60600.1,78721.6,89242.4,107603.0,95019.1,99698.5,118134.0,122630.0,117046.0,123982.0,127466.0,118358.0,121546.0,134229.0,164964.0,189187.0,197305.0,208567.0,240169.0,262008.0,243746.0,238303.0,244895.0,216368.0,226073.0,229630.0,199420.0,204837.0
159,Puerto Rico,PRI,1691.9,1865.1,2094.4,2333.6,2570.5,2881.5,3170.5,3532.7,3941.7,4460.7,5034.7,5646.8,6328.9,7002.4,7684.8,8198.3,8968.6,9910.9,11165.0,12750.0,14436.1,15955.7,16764.2,17276.6,19162.6,20289.2,21969.4,23878.0,26178.4,28266.8,30603.9,32287.0,34630.4,36922.5,39690.6,42647.3,45340.8,48187.0,54086.4,57841.0,61701.8,69668.6,72546.2,75834.0,80322.3,83914.5,87276.2,89524.1,93639.3,96385.6,98381.3,100352.0,101081.0,103135.0,0.0,0.0,0.0
160,Qatar,QAT,0.0,0.0,0.0,0.0,0.0,0.0,0.0,0.0,0.0,0.0,301.8,387.7,510.3,793.9,2401.4,2512.8,3284.3,3617.6,4052.0,5633.0,7829.1,8661.3,7596.7,6467.6,6704.4,6153.3,5053.0,5446.4,6038.2,6487.9,7360.4,6883.5,7646.2,7156.6,7374.5,8137.9,9059.3,11297.8,10255.5,12393.1,17759.9,17538.5,19363.7,23533.8,31734.1,44530.5,60882.1,79712.1,115270.0,97798.4,125122.0,167775.0,186834.0,198728.0,206225.0,164641.0,152452.0
161,Romania,ROU,0.0,0.0,0.0,0.0,0.0,0.0,0.0,0.0,0.0,0.0,0.0,0.0,0.0,0.0,0.0,0.0,0.0,0.0,0.0,0.0,0.0,0.0,0.0,0.0,0.0,0.0,0.0,38413.6,40809.5,42105.3,38995.5,28998.7,25121.7,26362.9,30074.4,37662.1,37182.9,35838.6,41976.0,36183.0,37438.5,40716.8,46174.6,59867.8,76216.4,99697.6,123533.0,171537.0,208182.0,167423.0,167998.0,185363.0,171665.0,191549.0,199493.0,177911.0,187592.0
162,Russia,RUS,0.0,0.0,0.0,0.0,0.0,0.0,0.0,0.0,0.0,0.0,0.0,0.0,0.0,0.0,0.0,0.0,0.0,0.0,0.0,0.0,0.0,0.0,0.0,0.0,0.0,0.0,0.0,0.0,0.0,506500.0,516814.0,517963.0,460291.0,435084.0,395077.0,395531.0,391720.0,404927.0,270953.0,195906.0,259708.0,306603.0,345110.0,430348.0,591017.0,764017.0,989931.0,1299710.0,1660840.0,1222640.0,1524920.0,2051660.0,2210260.0,2297130.0,2063660.0,1365860.0,1283160.0
163,Rwanda,RWA,119.0,122.0,125.0,128.0,130.0,148.8,124.5,159.6,172.2,188.7,219.9,223.0,246.5,290.7,308.5,571.9,637.8,746.7,905.7,1109.3,1254.8,1407.1,1407.2,1479.7,1587.4,1715.6,1944.7,2157.4,2395.5,2405.0,2550.2,1911.6,2029.0,1971.5,753.6,1293.5,1382.3,1851.6,1989.3,1817.7,1734.9,1674.7,1677.4,1846.0,2089.2,2581.5,3152.0,3824.8,4860.6,5379.4,5774.0,6491.7,7315.7,7622.5,8016.3,8261.0,8376.0
164,Samoa,WSM,0.0,0.0,0.0,0.0,0.0,0.0,0.0,0.0,0.0,0.0,0.0,0.0,0.0,0.0,0.0,0.0,0.0,0.0,0.0,0.0,0.0,0.0,121.2,111.9,109.2,95.6,100.9,111.7,133.0,122.9,125.8,125.6,132.3,133.1,221.1,224.9,249.9,285.5,269.5,258.8,269.0,273.1,288.1,338.8,420.3,462.6,508.5,551.0,644.1,561.0,643.0,739.8,801.2,804.8,803.6,804.0,786.4
165,San Marino,SMR,0.0,0.0,0.0,0.0,0.0,0.0,0.0,0.0,0.0,0.0,0.0,0.0,0.0,0.0,0.0,0.0,0.0,0.0,0.0,0.0,0.0,0.0,0.0,0.0,0.0,0.0,0.0,0.0,0.0,0.0,0.0,0.0,0.0,0.0,0.0,0.0,0.0,0.0,0.0,1215.6,1101.9,1160.6,1253.5,1600.5,1877.3,1958.7,2092.6,2488.4,2752.3,2363.2,2139.1,2054.5,1800.1,1865.4,1845.6,1569.3,1590.7
166,Sao Tome and Principe,STP,0.0,0.0,0.0,0.0,0.0,0.0,0.0,0.0,0.0,0.0,0.0,0.0,0.0,0.0,0.0,0.0,0.0,0.0,0.0,0.0,0.0,0.0,0.0,0.0,0.0,0.0,0.0,0.0,0.0,0.0,0.0,0.0,0.0,0.0,0.0,0.0,0.0,0.0,0.0,0.0,0.0,72.2,80.5,96.3,105.4,126.2,134.4,145.8,188.0,187.8,197.5,233.2,252.6,302.9,348.9,315.9,342.8
167,Saudi Arabia,SAU,0.0,0.0,0.0,0.0,0.0,0.0,0.0,0.0,4187.8,4485.8,5377.3,7184.9,9664.2,14947.4,45413.0,46773.4,64005.7,74188.2,80265.6,111860.0,164542.0,184292.0,153239.0,129172.0,119625.0,103898.0,86961.9,85695.9,88256.1,95344.5,117630.0,132223.0,137088.0,132968.0,135175.0,143343.0,158662.0,165964.0,146775.0,161717.0,189515.0,184137.0,189606.0,215808.0,258742.0,328460.0,376900.0,415965.0,519797.0,429098.0,528207.0,671239.0,735975.0,746647.0,756350.0,651757.0,646438.0
168,Senegal,SEN,792.8,836.5,857.4,886.4,939.1,955.8,984.9,984.6,1034.3,983.6,1024.8,1058.1,1280.3,1471.9,1658.3,2235.7,2266.9,2320.8,2591.2,3226.7,3503.3,3176.8,3109.7,2774.2,2705.5,2962.2,4189.9,5040.7,4985.2,4913.1,5716.6,5617.2,6004.9,5678.8,3877.2,4878.7,5065.8,4672.5,5030.3,5144.0,4679.6,4877.6,5333.9,6859.0,8031.3,8707.0,9358.7,11284.6,13439.0,12815.0,12948.9,14390.8,14225.3,14851.1,15304.4,13640.7,14683.7
169,Serbia,SRB,0.0,0.0,0.0,0.0,0.0,0.0,0.0,0.0,0.0,0.0,0.0,0.0,0.0,0.0,0.0,0.0,0.0,0.0,0.0,0.0,0.0,0.0,0.0,0.0,0.0,0.0,0.0,0.0,0.0,0.0,0.0,0.0,0.0,0.0,0.0,16750.0,20948.7,24148.0,18284.2,18409.4,6540.2,12267.2,16116.8,21188.7,24861.5,26252.0,30608.0,40289.6,49259.5,42616.7,39460.4,46466.7,40742.3,45519.7,44210.8,37160.3,38299.9
170,Seychelles,SYC,12.0,11.6,12.6,13.9,15.4,15.6,16.4,16.6,16.1,16.5,18.4,22.0,30.6,36.9,43.1,47.8,49.3,64.5,85.6,127.3,147.4,154.9,147.9,146.7,151.3,168.9,207.9,249.3,283.8,304.8,368.6,374.4,433.7,473.9,486.5,508.2,503.1,563.0,608.4,623.0,614.9,622.3,697.5,705.7,839.3,919.1,1016.4,1033.6,967.2,847.4,969.9,1065.8,1134.3,1411.1,1422.5,1437.7,1427.3
171,Sierra Leone,SLE,322.0,327.8,342.7,348.5,371.8,359.4,375.5,348.8,329.9,408.7,434.4,419.5,465.4,575.2,648.6,679.3,594.9,691.8,960.7,1109.4,1100.7,1114.8,1295.4,995.1,1087.5,856.9,490.2,701.3,1055.1,933.0,649.6,780.0,680.0,768.8,911.9,870.8,941.7,850.2,672.4,669.4,635.9,1079.5,1239.0,1371.4,1431.2,1627.9,1885.1,2158.5,2505.5,2490.0,2616.6,2942.5,3801.9,4920.3,5015.2,4251.9,3736.6
172,Singapore,SGP,704.5,764.3,825.9,917.2,893.7,974.2,1095.9,1237.4,1425.0,1659.1,1919.5,2262.5,2719.9,3693.8,5216.8,5633.4,6326.4,6617.5,7515.8,9294.6,11893.4,14171.8,16078.9,17775.3,19735.9,19138.3,18569.3,20897.6,25337.2,30423.6,36152.0,45474.4,52156.4,60644.6,73777.8,87890.0,96403.8,100164.0,85707.6,86283.1,95833.9,89286.2,91941.2,97001.4,114189.0,127418.0,147797.0,179981.0,192226.0,192408.0,236422.0,275599.0,289162.0,302511.0,308143.0,296841.0,296976.0
173,Sint Maarten (Dutch part),SXM,0.0,0.0,0.0,0.0,0.0,0.0,0.0,0.0,0.0,0.0,0.0,0.0,0.0,0.0,0.0,0.0,0.0,0.0,0.0,0.0,0.0,0.0,0.0,0.0,0.0,0.0,0.0,0.0,0.0,0.0,0.0,0.0,0.0,0.0,0.0,0.0,0.0,0.0,0.0,0.0,0.0,0.0,0.0,0.0,0.0,0.0,0.0,0.0,0.0,0.0,0.0,0.0,0.0,0.0,0.0,0.0,0.0
174,Slovakia,SVK,0.0,0.0,0.0,0.0,0.0,0.0,0.0,0.0,0.0,0.0,0.0,0.0,0.0,0.0,0.0,0.0,0.0,0.0,0.0,0.0,0.0,0.0,0.0,0.0,0.0,0.0,0.0,0.0,0.0,0.0,12694.5,14213.0,15431.3,16452.2,20079.4,25733.0,27821.9,27660.1,29828.9,30415.1,29114.9,30703.0,35083.6,46731.8,57240.5,62697.5,70596.7,86304.2,100325.0,88945.6,89501.0,98181.3,93414.0,98478.3,100948.0,87501.4,89768.6
175,Slovenia,SVN,0.0,0.0,0.0,0.0,0.0,0.0,0.0,0.0,0.0,0.0,0.0,0.0,0.0,0.0,0.0,0.0,0.0,0.0,0.0,0.0,0.0,0.0,0.0,0.0,0.0,0.0,0.0,0.0,0.0,0.0,0.0,0.0,0.0,0.0,0.0,21273.1,21480.0,20749.1,22125.4,22690.0,20342.2,20875.4,23563.6,29697.4,34470.2,36347.0,39587.7,48114.7,55589.8,50244.8,48013.6,51290.8,46352.8,48116.3,49904.9,43072.4,44708.6
176,Solomon Islands,SLB,0.0,0.0,0.0,0.0,0.0,0.0,0.0,25.2,28.1,28.6,0.0,50.1,40.6,55.3,84.5,74.6,83.1,93.1,111.0,151.3,168.7,187.3,188.4,180.2,252.8,232.3,210.7,238.6,310.7,332.3,302.5,320.4,378.8,410.9,464.8,519.3,565.2,567.9,471.2,482.2,435.1,400.5,341.7,332.7,375.1,413.9,456.7,516.1,608.3,597.8,671.6,886.5,1025.1,1059.7,1156.6,1129.2,1202.1
177,Somalia,SOM,0.0,0.0,0.0,0.0,0.0,0.0,0.0,0.0,0.0,0.0,0.0,0.0,0.0,0.0,0.0,0.0,0.0,0.0,0.0,0.0,0.0,0.0,0.0,0.0,0.0,0.0,0.0,0.0,0.0,0.0,0.0,0.0,0.0,0.0,0.0,0.0,0.0,0.0,0.0,0.0,0.0,0.0,0.0,0.0,0.0,0.0,0.0,0.0,0.0,0.0,0.0,0.0,0.0,5352.0,5647.0,5925.0,6217.0
178,South Africa,ZAF,7575.2,7972.8,8497.8,9423.2,10373.8,11334.2,12354.8,13777.1,14894.3,16780.1,18418.0,20334.2,21358.1,29293.9,36806.5,38114.9,36601.9,40649.7,46737.6,57647.3,82984.1,89629.5,82696.9,88786.6,87880.5,69208.5,82107.9,107415.0,118332.0,128903.0,115553.0,123943.0,134545.0,134310.0,139752.0,155460.0,147608.0,152586.0,137774.0,136632.0,136362.0,121601.0,115748.0,175257.0,228937.0,257671.0,271811.0,299034.0,287100.0,297217.0,375298.0,416878.0,396333.0,366810.0,351119.0,317611.0,295456.0
179,South Sudan,SSD,0.0,0.0,0.0,0.0,0.0,0.0,0.0,0.0,0.0,0.0,0.0,0.0,0.0,0.0,0.0,0.0,0.0,0.0,0.0,0.0,0.0,0.0,0.0,0.0,0.0,0.0,0.0,0.0,0.0,0.0,0.0,0.0,0.0,0.0,0.0,0.0,0.0,0.0,0.0,0.0,0.0,0.0,0.0,0.0,0.0,0.0,0.0,0.0,15550.1,12231.4,15727.4,17826.7,10368.8,13257.6,13282.1,9015.2,0.0
180,Spain,ESP,12072.1,13834.3,16138.5,19074.9,21343.8,24757.0,28721.1,31647.1,31475.5,36038.7,40881.7,46492.8,58971.8,78425.9,97009.8,114465.0,118185.0,132090.0,160163.0,214019.0,232135.0,202257.0,195464.0,170487.0,171635.0,180302.0,250638.0,317882.0,375139.0,413631.0,535101.0,575599.0,629202.0,523649.0,529122.0,612940.0,640998.0,588692.0,617042.0,633194.0,595403.0,625976.0,705146.0,906853.0,1069560.0,1157280.0,1264550.0,1479340.0,1635020.0,1499100.0,1431620.0,1488070.0,1336020.0,1361850.0,1376910.0,1197790.0,1237260.0
181,Sri Lanka,LKA,1409.9,1444.3,1434.2,1240.7,1309.7,1698.3,1751.5,1859.5,1801.3,1965.5,2296.5,2369.3,2553.9,2875.6,3574.6,3791.3,3591.3,4104.5,2733.2,3364.6,4024.6,4415.8,4768.8,5167.9,6043.5,5978.5,6405.2,6682.2,6978.4,6987.3,8032.6,9000.4,9703.0,10338.7,11717.6,13029.7,13897.7,15091.9,15795.0,15656.3,16330.8,15746.2,16536.5,18881.8,20662.5,24406.3,28279.8,32350.2,40713.8,42066.2,56725.7,65292.7,68434.4,74317.8,79356.5,80612.0,81321.9
182,Saint Kitts,KNA,12.4,12.5,12.5,12.8,13.4,13.6,14.5,16.7,14.6,15.8,16.3,19.6,22.9,24.2,31.5,33.4,30.1,44.7,49.1,58.3,67.7,79.0,84.4,85.1,95.9,106.1,125.3,140.7,165.7,185.1,208.7,209.9,229.4,249.7,277.6,299.7,318.7,357.2,365.0,390.0,420.5,461.1,483.1,465.9,502.6,543.2,636.2,674.0,738.9,723.2,705.0,753.2,734.5,788.2,847.8,878.3,909.9
183,Saint Lucia,LCA,0.0,0.0,0.0,0.0,0.0,0.0,0.0,0.0,0.0,0.0,0.0,0.0,0.0,0.0,0.0,0.0,0.0,87.4,102.1,123.9,146.3,168.0,182.8,197.2,217.7,241.3,289.7,320.0,366.5,415.5,484.0,513.8,566.9,574.9,600.0,640.4,662.2,676.9,737.6,775.9,784.2,743.8,748.3,823.8,893.1,951.2,1134.2,1277.5,1282.2,1263.0,1382.0,1437.7,1436.8,1489.9,1551.9,1649.1,1667.1
184,St. Martin (French part),MAF,0.0,0.0,0.0,0.0,0.0,0.0,0.0,0.0,0.0,0.0,0.0,0.0,0.0,0.0,0.0,0.0,0.0,0.0,0.0,0.0,0.0,0.0,0.0,0.0,0.0,0.0,0.0,0.0,0.0,0.0,0.0,0.0,0.0,0.0,0.0,0.0,0.0,0.0,0.0,0.0,0.0,0.0,0.0,0.0,0.0,0.0,0.0,0.0,0.0,0.0,0.0,0.0,0.0,0.0,0.0,0.0,0.0
185,Saint Vincent,VCT,13.1,14.0,14.5,13.7,14.8,15.1,16.1,15.8,15.4,16.6,18.4,20.1,27.6,30.2,32.9,33.2,32.8,49.4,60.8,71.1,82.3,102.1,113.8,122.3,135.0,145.6,160.8,175.6,200.7,214.7,240.4,254.8,278.0,286.3,289.4,316.0,331.5,347.8,373.6,390.7,396.3,430.0,461.9,481.8,522.0,550.7,610.9,651.8,695.4,674.9,681.2,676.1,692.9,721.2,727.2,755.2,768.2
186,Sudan,SDN,1307.3,1419.3,1541.7,1568.3,1611.3,1679.3,1723.0,1865.7,1947.3,2144.3,2437.7,2656.0,2882.0,3571.7,4595.0,5598.0,6979.3,8704.0,7670.5,9032.2,7459.8,10016.5,9240.0,8230.2,9701.4,12403.7,15769.1,20155.6,15399.2,15291.5,12408.6,11379.2,7034.2,8881.8,12794.2,13829.7,9018.2,11681.5,11250.3,10682.0,12257.4,13183.0,14803.2,17646.5,21457.5,26524.5,35822.4,45898.9,54526.6,53150.2,65634.1,67327.3,68125.6,72065.9,82151.6,97156.1,95584.4
187,Suriname,SUR,93.8,98.4,103.5,110.0,120.8,138.6,171.1,198.4,220.6,233.4,247.2,270.6,287.6,305.3,368.6,465.0,505.5,641.0,735.5,783.0,794.9,889.0,915.2,883.6,864.2,873.2,891.0,979.8,1160.9,542.5,388.3,448.3,404.6,428.8,605.5,694.0,860.6,929.6,945.0,885.4,892.2,763.5,1078.4,1271.2,1484.1,1793.8,2626.4,2936.6,3533.0,3875.4,4368.4,4422.3,4980.0,5145.8,5240.6,4826.6,3278.4
188,Swaziland,SWZ,35.1,43.0,45.9,54.1,65.0,70.3,76.9,74.8,79.8,105.4,112.1,136.5,146.7,221.9,264.3,288.3,272.5,304.0,340.6,412.1,542.0,571.5,537.6,555.3,494.5,361.0,449.1,584.1,692.0,696.9,1114.7,1156.1,1284.8,1357.2,1419.3,1699.0,1602.8,1716.7,1576.9,1547.9,1738.1,1542.5,1432.2,2197.6,2770.1,3178.1,3291.4,3469.4,3294.1,3580.4,4438.8,4820.5,4823.8,4560.7,4377.3,4020.3,3720.6
189,Sweden,SWE,14842.9,16147.2,17511.5,18954.1,21137.2,23260.3,25302.0,27463.4,29143.4,31649.2,37555.4,40980.3,48263.9,58567.4,65082.6,81716.8,88102.1,93136.8,102970.0,121647.0,140089.0,127858.0,112768.0,103534.0,107662.0,112514.0,148376.0,180429.0,204068.0,214875.0,258154.0,270363.0,280312.0,209951.0,226080.0,264052.0,288104.0,264478.0,266800.0,270848.0,259802.0,239917.0,263926.0,331109.0,381705.0,389042.0,420032.0,487816.0,513966.0,429657.0,488378.0,563110.0,543881.0,578742.0,573818.0,497918.0,514460.0
190,Switzerland,CHE,9522.7,10712.7,11880.0,13063.6,14480.6,15346.7,16480.1,17740.0,18942.7,20524.9,0.0,0.0,0.0,0.0,0.0,0.0,0.0,0.0,0.0,0.0,119008.0,108994.0,111711.0,111314.0,106285.0,107766.0,154482.0,193466.0,209298.0,202079.0,258067.0,261114.0,271814.0,264353.0,292647.0,342617.0,330092.0,286519.0,295045.0,289912.0,272055.0,278631.0,301417.0,352915.0,394164.0,408689.0,430921.0,479913.0,554363.0,541507.0,583783.0,699580.0,668044.0,688504.0,709183.0,679289.0,668851.0
191,Syria,SYR,857.7,945.2,1110.6,1200.4,1339.5,1472.0,1342.3,1580.2,1753.7,2245.0,2140.4,2589.9,3059.7,3239.5,5159.6,6827.0,7633.5,7696.0,9275.2,9929.7,13062.4,15518.2,16298.9,17589.2,17503.1,16403.5,13293.2,11356.2,10577.0,9853.4,12308.6,12981.8,13253.6,13696.0,10122.0,11396.7,13789.6,14505.2,15200.8,15873.9,19325.9,21099.8,21582.2,21828.1,25086.9,28859.0,33332.8,40405.0,0.0,0.0,0.0,0.0,0.0,0.0,0.0,0.0,0.0
192,Tajikistan,TJK,0.0,0.0,0.0,0.0,0.0,0.0,0.0,0.0,0.0,0.0,0.0,0.0,0.0,0.0,0.0,0.0,0.0,0.0,0.0,0.0,0.0,0.0,0.0,0.0,0.0,0.0,0.0,0.0,0.0,0.0,2629.4,2534.7,1909.2,1646.7,1346.1,1231.5,1043.9,921.8,1320.1,1086.6,860.6,1080.8,1221.1,1554.1,2076.1,2312.3,2830.2,3719.5,5161.3,4979.5,5642.2,6522.7,7633.0,8506.7,9236.3,7853.5,6951.7
193,Tanzania,TZA,0.0,0.0,0.0,0.0,0.0,0.0,0.0,0.0,0.0,0.0,0.0,0.0,0.0,0.0,0.0,0.0,0.0,0.0,0.0,0.0,0.0,0.0,0.0,0.0,0.0,0.0,0.0,0.0,5100.4,4420.2,4258.7,4956.6,4601.4,4257.7,4510.8,5255.2,6496.2,7683.9,9345.2,9697.8,10185.8,10383.6,10805.6,11659.1,12825.8,16930.0,18610.5,21501.7,27368.4,28573.8,31407.9,33878.6,39087.7,44333.5,48197.2,45628.3,47340.1
194,Thailand,THA,2760.7,3034.0,3308.9,3540.4,3889.1,4388.9,5279.2,5638.5,6081.0,6695.3,7086.5,7375.0,8177.9,10838.6,13703.0,14882.7,16985.2,19779.3,24006.6,27371.7,32353.4,34846.1,36589.8,40042.8,41797.6,38900.7,43096.7,50535.4,61667.2,72250.9,85343.1,98234.7,111453.0,128890.0,146683.0,169279.0,183035.0,150180.0,113676.0,126669.0,126392.0,120297.0,134301.0,152281.0,172895.0,189318.0,221758.0,262943.0,291383.0,281710.0,341105.0,370819.0,397560.0,420529.0,406522.0,399235.0,407026.0
195,Timor-Leste,TLS,0.0,0.0,0.0,0.0,0.0,0.0,0.0,0.0,0.0,0.0,0.0,0.0,0.0,0.0,0.0,0.0,0.0,0.0,0.0,0.0,0.0,0.0,0.0,0.0,0.0,0.0,0.0,0.0,0.0,0.0,0.0,0.0,0.0,0.0,0.0,0.0,0.0,0.0,0.0,0.0,350.4,429.6,422.9,430.5,442.9,466.6,440.0,531.3,659.6,786.0,894.4,1053.5,1188.9,1410.0,1450.6,1606.5,1783.0
196,Togo,TGO,121.1,126.4,132.2,143.3,166.1,187.3,216.1,231.7,242.0,267.7,254.0,286.5,335.7,406.5,560.4,617.3,619.4,777.4,824.3,891.8,1136.4,962.3,821.7,765.7,718.1,762.4,1060.9,1249.1,1378.8,1352.9,1628.4,1602.3,1693.0,1233.5,982.6,1309.4,1465.4,1499.0,1587.3,1576.1,1294.3,1332.3,1474.6,1673.7,1937.1,2115.2,2202.8,2523.5,3163.4,3163.0,3172.9,3756.0,3866.6,4080.9,4482.9,4087.6,4400.0
197,Tonga,TON,0.0,0.0,0.0,0.0,0.0,0.0,0.0,0.0,0.0,0.0,0.0,0.0,0.0,0.0,0.0,32.5,30.0,34.1,41.6,44.7,53.3,62.2,62.1,60.9,64.2,60.1,68.2,81.7,106.7,106.3,113.6,132.2,137.1,138.5,193.8,202.5,219.6,212.2,188.7,196.7,202.4,181.2,182.7,202.5,229.4,262.2,294.1,300.1,349.5,318.2,369.5,423.0,472.4,450.7,443.9,435.4,401.6
198,Trinidad,TTO,535.7,585.0,619.3,678.2,711.9,736.6,723.7,762.0,758.9,779.2,821.8,896.8,1083.4,1308.8,2042.0,2442.7,2500.4,3138.7,3562.3,4602.4,6235.8,6992.1,8140.4,7763.8,7757.1,7375.9,4794.4,4797.8,4496.9,4323.1,5068.0,5307.9,5439.6,4669.5,4947.2,5329.2,5759.5,5737.8,6043.7,6809.0,8154.3,8824.9,9008.3,11305.5,13280.3,15982.3,18369.1,21642.3,27870.3,19175.2,22157.9,25433.0,25694.2,26436.2,26176.0,23559.2,21894.7
199,Tunisia,TUN,0.0,0.0,0.0,0.0,0.0,991.0,1041.0,1085.7,1214.7,1289.9,1439.2,1685.2,2237.5,2730.8,3545.9,4328.6,4507.9,5109.3,5968.0,7188.2,8744.1,8428.5,8133.4,8350.2,8254.9,8410.2,9018.1,9696.3,10096.3,10102.1,12290.6,13074.8,15497.3,14608.9,15632.5,18030.9,19587.3,20746.4,21803.4,22943.7,21473.2,22066.1,23142.3,27453.1,31183.1,32273.0,34378.4,38908.1,44856.6,43454.9,44050.9,45810.6,45044.1,46251.1,47587.9,43156.7,42062.5
200,Turkey,TUR,13995.1,8022.2,8922.2,10355.6,11177.8,11944.4,14122.2,15666.7,17500.0,19466.7,17087.0,16256.6,20431.1,25724.4,35599.9,44633.7,51280.1,58676.8,65147.0,89394.1,68789.3,71040.0,64546.3,61678.3,59989.9,67234.9,75728.0,87172.8,90852.8,107143.0,150676.0,150028.0,158459.0,180170.0,130690.0,169486.0,181476.0,189835.0,275769.0,255884.0,272979.0,200252.0,238428.0,311823.0,404787.0,501416.0,552487.0,675770.0,764336.0,644640.0,771877.0,832546.0,873982.0,950595.0,934168.0,859794.0,863712.0
201,Turkmenistan,TKM,0.0,0.0,0.0,0.0,0.0,0.0,0.0,0.0,0.0,0.0,0.0,0.0,0.0,0.0,0.0,0.0,0.0,0.0,0.0,0.0,0.0,0.0,0.0,0.0,0.0,0.0,0.0,2331.4,3011.0,3007.0,3189.5,3208.1,3200.5,3179.2,2561.1,2482.2,2379.3,2450.1,2605.7,2450.7,2904.7,3534.8,4462.0,5977.4,6838.4,8104.4,10277.6,12664.2,19271.5,20214.4,22583.2,29233.3,35164.2,39197.5,43524.2,35799.6,36179.9
202,Turks and Caicos Islands,TCA,0.0,0.0,0.0,0.0,0.0,0.0,0.0,0.0,0.0,0.0,0.0,0.0,0.0,0.0,0.0,0.0,0.0,0.0,0.0,0.0,0.0,0.0,0.0,0.0,0.0,0.0,0.0,0.0,0.0,0.0,0.0,0.0,0.0,0.0,0.0,0.0,0.0,0.0,0.0,0.0,0.0,0.0,0.0,0.0,0.0,0.0,0.0,0.0,0.0,0.0,0.0,0.0,0.0,0.0,0.0,0.0,0.0
203,Tuvalu,TUV,0.0,0.0,0.0,0.0,0.0,0.0,0.0,0.0,0.0,0.0,0.0,0.0,0.0,0.0,0.0,0.0,0.0,0.0,0.0,0.0,0.0,0.0,0.0,0.0,0.0,0.0,0.0,0.0,0.0,0.0,8.8,9.4,9.7,9.6,10.9,11.0,12.3,12.7,12.8,13.7,13.7,13.2,15.5,18.2,21.5,21.8,22.9,27.0,30.3,27.1,31.8,39.3,39.9,38.3,37.3,32.7,34.2
204,Uganda,UGA,423.0,441.5,449.0,516.1,589.1,884.9,925.8,967.6,1037.8,1169.0,1260.1,1417.8,1491.6,1702.5,2100.1,2359.6,2447.3,2936.5,2420.3,2139.0,1244.6,1337.3,2177.5,2240.3,3615.6,3519.7,3923.2,6269.5,6508.9,5276.5,4304.4,3321.7,2857.5,3220.4,3990.4,5755.8,6044.6,6269.3,6584.8,5998.6,6193.2,5840.5,6178.6,6336.7,7940.4,9013.8,9942.6,12292.8,14239.0,18168.9,20186.5,20176.8,23132.1,24599.6,27295.2,27059.4,24078.9
205,Ukraine,UKR,0.0,0.0,0.0,0.0,0.0,0.0,0.0,0.0,0.0,0.0,0.0,0.0,0.0,0.0,0.0,0.0,0.0,0.0,0.0,0.0,0.0,0.0,0.0,0.0,0.0,0.0,0.0,64087.7,74703.5,82709.2,81456.9,77464.6,73942.2,65648.6,52549.6,48213.9,44558.1,50150.4,41883.2,31580.6,31261.5,38009.3,42392.9,50133.0,64883.1,86142.0,107753.0,142719.0,179992.0,117228.0,136013.0,163160.0,175781.0,183310.0,133503.0,91031.0,93270.5
206,United Arab Emirates,ARE,0.0,0.0,0.0,0.0,0.0,0.0,0.0,0.0,0.0,0.0,0.0,0.0,0.0,0.0,0.0,14720.7,19213.0,24871.8,23775.8,31225.5,43598.7,49333.4,46622.7,42803.3,41808.0,40603.7,33943.6,36384.9,36275.7,41465.0,50701.4,51552.2,54239.2,55625.2,59305.1,65743.7,73571.2,78839.0,75674.3,84445.5,104337.0,103312.0,109816.0,124346.0,147824.0,180617.0,222117.0,257916.0,315475.0,253547.0,289880.0,350908.0,374818.0,390427.0,403198.0,357949.0,348743.0
207,UK,GBR,72328.0,76694.4,80601.9,85443.8,93387.6,100596.0,107091.0,111185.0,104703.0,112677.0,130672.0,148114.0,169965.0,192538.0,206131.0,241757.0,232615.0,263066.0,335883.0,438994.0,564948.0,540766.0,515049.0,489618.0,461487.0,489285.0,601453.0,745163.0,910123.0,926885.0,1093170.0,1142800.0,1179660.0,1061390.0,1140490.0,1335220.0,1408780.0,1552480.0,1638510.0,1665620.0,1647950.0,1621510.0,1768410.0,2038400.0,2398560.0,2520700.0,2692610.0,3074360.0,2890560.0,2382830.0,2441170.0,2619700.0,2662090.0,2739820.0,3022830.0,2885570.0,2647900.0
208,USA,USA,543300.0,563300.0,605100.0,638600.0,685800.0,743700.0,815000.0,861700.0,942500.0,1019900.0,1075880.0,1167770.0,1282450.0,1428550.0,1548830.0,1688920.0,1877590.0,2085950.0,2356570.0,2632140.0,2862510.0,3210960.0,3344990.0,3638140.0,4040690.0,4346730.0,4590160.0,4870220.0,5252630.0,5657690.0,5979590.0,6174040.0,6539300.0,6878720.0,7308760.0,7664060.0,8100200.0,8608520.0,9089170.0,9660620.0,10284800.0,10621800.0,10977500.0,11510700.0,12274900.0,13093700.0,13855900.0,14477600.0,14718600.0,14418700.0,14964400.0,15517900.0,16155300.0,16691500.0,17393100.0,18120700.0,18624500.0
209,Uruguay,URY,1242.3,1547.4,1710.0,1539.7,1975.7,1890.8,1809.2,1597.7,1593.7,2004.4,2137.1,2807.3,2189.4,3964.3,4090.2,3538.3,3667.2,4114.7,4910.3,7181.2,10163.0,11048.3,9178.8,5102.3,4850.2,4732.0,5880.1,7367.5,8213.5,8439.0,9298.8,11206.2,12878.2,15002.1,17474.6,19297.7,20515.5,23969.7,25385.9,23983.9,22823.3,20898.8,13606.5,12045.6,13686.3,17362.9,19579.5,23410.6,30366.2,31660.9,40284.5,47962.4,51264.4,57531.2,57236.0,53274.3,52419.7
210,Uzbekistan,UZB,0.0,0.0,0.0,0.0,0.0,0.0,0.0,0.0,0.0,0.0,0.0,0.0,0.0,0.0,0.0,0.0,0.0,0.0,0.0,0.0,0.0,0.0,0.0,0.0,0.0,0.0,0.0,0.0,0.0,0.0,13360.6,13677.6,12941.3,13099.0,12899.2,13350.5,13948.9,14744.6,14989.0,17078.5,13760.4,11401.4,9688.0,10128.1,12030.0,14307.5,17330.8,22311.4,29549.4,33689.2,39332.8,45915.2,51821.6,57690.5,63067.1,66903.8,67220.3
211,Vanuatu,VUT,0.0,0.0,0.0,0.0,0.0,0.0,0.0,0.0,0.0,0.0,0.0,0.0,0.0,0.0,0.0,0.0,0.0,0.0,0.0,119.3,113.4,98.7,98.1,110.1,135.6,123.7,118.7,130.8,148.5,144.5,158.4,188.9,196.1,188.1,219.3,233.9,245.2,255.9,262.3,268.0,272.0,257.9,262.6,314.5,365.0,395.0,439.4,526.4,608.0,610.1,700.8,792.1,781.7,801.8,815.0,742.4,773.5
212,Venezuela,VEN,8736.9,9058.1,10022.0,10823.9,9111.0,9496.2,9984.4,10356.4,11343.4,11795.0,12848.8,14625.3,15922.9,19466.3,28985.6,31303.6,36187.0,42263.2,46426.5,55653.3,67018.0,75367.1,76559.9,78540.3,56091.9,57935.7,58793.9,45343.8,58428.4,42119.8,47028.0,51749.0,58450.1,58124.2,56531.0,74906.5,68263.8,85843.5,91331.2,97976.9,117141.0,122904.0,92893.6,83620.6,112453.0,145510.0,183478.0,230364.0,315953.0,329788.0,393191.0,316482.0,381286.0,371006.0,482359.0,0.0,0.0
213,Vietnam,VNM,0.0,0.0,0.0,0.0,0.0,0.0,0.0,0.0,0.0,0.0,0.0,0.0,0.0,0.0,0.0,0.0,0.0,0.0,0.0,0.0,0.0,0.0,0.0,0.0,0.0,14094.7,26336.6,36658.1,25423.8,6293.3,6471.7,9613.4,9867.0,13181.0,16286.4,20736.2,24657.5,26843.7,27209.6,28683.7,31172.5,32685.2,35064.1,39552.5,45427.9,57633.3,66371.7,77414.4,99130.3,106015.0,115932.0,135539.0,155820.0,171222.0,186205.0,193241.0,205276.0
214,"Virgin Islands, US",VIR,24.2,25.7,36.9,41.4,53.8,66.5,84.1,115.4,173.8,211.3,219.0,257.0,307.1,351.6,395.4,399.8,440.0,461.8,512.9,606.7,727.8,821.8,832.6,916.9,985.4,990.4,1035.6,1147.8,1204.6,1343.9,1564.7,1671.2,1770.9,1996.0,0.0,0.0,0.0,0.0,0.0,0.0,0.0,0.0,3269.0,3453.0,3799.0,4439.0,4504.0,4803.0,4250.0,4203.0,4339.0,4239.0,4095.0,3764.0,3624.0,3765.0,0.0
215,Palestine,PSE,0.0,0.0,0.0,0.0,0.0,0.0,0.0,0.0,0.0,0.0,0.0,0.0,0.0,0.0,0.0,0.0,0.0,0.0,0.0,0.0,0.0,0.0,0.0,0.0,0.0,0.0,0.0,0.0,0.0,0.0,0.0,0.0,0.0,0.0,2843.3,3282.8,3409.6,3759.8,4067.8,4271.2,4313.6,4003.7,3555.8,3968.0,4329.2,4831.8,4910.1,5505.8,6673.5,7268.2,8913.1,10465.4,11279.4,12476.0,12715.6,12673.0,13397.1
216,Yemen,YEM,0.0,0.0,0.0,0.0,0.0,0.0,0.0,0.0,0.0,0.0,0.0,0.0,0.0,0.0,0.0,0.0,0.0,0.0,0.0,0.0,0.0,0.0,0.0,0.0,0.0,0.0,0.0,0.0,0.0,0.0,5647.3,5930.4,6463.6,5368.3,4167.4,4258.8,5785.7,6839.0,6325.2,7641.1,9636.3,9854.0,10693.3,11777.8,13873.5,16753.8,19081.7,21656.5,26910.9,25130.3,30906.7,32726.4,35393.1,40415.2,43228.6,37733.9,27317.6
217,Zambia,ZMB,713.0,696.3,693.1,718.7,839.4,1082.9,1264.3,1368.0,1605.9,1965.7,1825.3,1687.0,1910.7,2268.7,3121.8,2618.7,2746.7,2483.0,2813.4,3325.5,3829.5,3872.7,3994.8,3216.3,2739.4,2281.3,1661.9,2269.9,3713.6,3998.6,3285.2,3378.9,3181.9,3273.2,3656.6,3807.1,3597.2,4303.3,3537.7,3404.3,3600.7,4094.5,4193.8,4901.8,6221.1,8331.9,12756.9,14057.0,17910.9,15328.3,20265.6,23460.1,25503.4,28045.5,27150.6,21154.4,21064.0
218,Zimbabwe,ZWE,1053.0,1096.6,1117.6,1159.5,1217.1,1311.4,1281.7,1397.0,1479.6,1748.0,1884.2,2178.7,2677.7,3309.4,3982.2,4371.3,4318.4,4364.4,4351.6,5177.5,6678.9,8011.4,8539.7,7764.1,6352.1,5637.3,6217.5,6741.2,7814.8,8286.3,8783.8,8641.5,6751.5,6563.8,6890.7,7111.3,8553.1,8529.6,6402.0,6858.0,6690.0,6777.4,6342.1,5727.6,5805.6,5755.2,5443.9,5292.0,4415.7,8621.6,10141.9,12098.5,14242.5,15451.8,15891.0,16304.7,16620.0
